date,Tot NonFarm Jobs (Thou),Unemployment Rate,Tot Vis Arrivals (Thou),Tot Vis Days (Thou),Const Jobs (Thou)
1/1/1972,9.978764407,,,,0.599611814
2/1/1972,9.986054237,,,,0.600187071
3/1/1972,9.985901554,,,,0.599845324
4/1/1972,10.04095212,,,,0.602414005
5/1/1972,10.07884364,,,,0.602890209
6/1/1972,10.16683814,,,,0.607055035
7/1/1972,10.17677232,,,,0.612182179
8/1/1972,10.22280805,,,,0.615517461
9/1/1972,10.22894463,,,,0.626847084
10/1/1972,10.29446864,,,,0.629612305
11/1/1972,10.37300325,,,,0.64003869
12/1/1972,10.38916822,,,,0.640561828
1/1/1973,10.50754767,,,,0.667987588
2/1/1973,10.59209397,,,,0.685658599
3/1/1973,10.65967356,,,,0.696064673
4/1/1973,10.42388611,,,,0.693780488
5/1/1973,10.67048955,,,,0.698945018
6/1/1973,10.68791333,,,,0.701046081
7/1/1973,10.6670714,,,,0.712288963
8/1/1973,10.6975018,,,,0.710764208
9/1/1973,10.7560218,,,,0.716777935
10/1/1973,10.85993439,,,,0.737226527
11/1/1973,10.87220645,,,,0.728486349
12/1/1973,10.87256883,,,,0.732524635
1/1/1974,10.56140049,,,,0.856911154
2/1/1974,10.52161207,,,,0.850320914
3/1/1974,10.46958765,,,,0.840597084
4/1/1974,10.45152424,,,,0.832404523
5/1/1974,10.56245482,,,,0.852372472
6/1/1974,10.80024215,,,,0.871936275
7/1/1974,10.75123465,,,,0.87278023
8/1/1974,10.76944098,,,,0.878151662
9/1/1974,10.82663544,,,,0.873549683
10/1/1974,10.76949496,,,,0.878038447
11/1/1974,10.76769434,,,,0.873074018
12/1/1974,10.77149883,,,,0.865305767
1/1/1975,11.47856728,,,,0.912944771
2/1/1975,11.52011377,,,,0.910380229
3/1/1975,11.57987532,,,,0.909932703
4/1/1975,11.59124494,,,,0.901641114
5/1/1975,11.58617937,,,,0.896407736
6/1/1975,11.57564217,,,,0.871533838
7/1/1975,11.6150467,,,,0.861390637
8/1/1975,11.65201826,,,,0.866930571
9/1/1975,11.63966395,,,,0.847735572
10/1/1975,11.65249538,,,,0.828618468
11/1/1975,11.67770818,,,,0.812837267
12/1/1975,11.65500279,,,,0.789419802
1/1/1976,12.12224221,,,,0.853191691
2/1/1976,12.14656452,,,,0.843074667
3/1/1976,12.17133419,,,,0.830296907
4/1/1976,12.28277301,,,,0.828214252
5/1/1976,12.27957466,,,,0.814243803
6/1/1976,12.35033657,,,,0.797694379
7/1/1976,12.32834609,,,,0.788730546
8/1/1976,12.32833553,,,,0.779349269
9/1/1976,12.337758,,,,0.787115795
10/1/1976,12.41337733,,,,0.789620514
11/1/1976,12.43351854,,,,0.791262685
12/1/1976,12.47574532,,,,0.791847184
1/1/1977,12.93452489,,,,0.715499726
2/1/1977,12.91172352,,,,0.708981296
3/1/1977,12.9350873,,,,0.702654645
4/1/1977,12.99432951,,,,0.706757252
5/1/1977,13.03927187,,,,0.708774097
6/1/1977,13.04968924,,,,0.70706117
7/1/1977,13.07549862,,,,0.702313816
8/1/1977,13.10138783,,,,0.702105722
9/1/1977,13.06749056,,,,0.654503507
10/1/1977,13.10036823,,,,0.633727136
11/1/1977,13.08426866,,,,0.617771096
12/1/1977,13.22411393,,,,0.646894005
1/1/1978,13.25086276,,,,0.661779153
2/1/1978,13.35062154,,,,0.666836738
3/1/1978,13.42189128,,,,0.673305975
4/1/1978,13.4865392,,,,0.681953877
5/1/1978,13.55524508,,,,0.682056015
6/1/1978,13.65628398,,,,0.693469577
7/1/1978,13.73884272,,,,0.697586832
8/1/1978,13.80028853,,,,0.719862451
9/1/1978,13.87678029,,,,0.734947767
10/1/1978,13.96267895,,,,0.741581747
11/1/1978,14.0400338,,,,0.741754531
12/1/1978,14.06140421,,,,0.756484171
1/1/1979,14.04178967,,,,0.888706565
2/1/1979,14.18362732,,,,0.892628045
3/1/1979,14.21711198,,,,0.903312046
4/1/1979,14.20897735,,,,0.900317385
5/1/1979,14.24525693,,,,0.90936197
6/1/1979,14.26438636,,,,0.902320019
7/1/1979,14.31302377,,,,0.933203975
8/1/1979,14.40785529,,,,0.945035984
9/1/1979,14.44054969,,,,0.967711982
10/1/1979,14.42071337,,,,0.978263979
11/1/1979,14.2669819,,,,0.976506592
12/1/1979,14.41394901,,,,0.97284894
1/1/1980,15.05468288,,,,1.442331774
2/1/1980,15.11110253,,,,1.487475385
3/1/1980,15.16169678,,,,1.468215662
4/1/1980,15.22189374,,,,1.448241852
5/1/1980,15.15441598,,,,1.443807658
6/1/1980,15.13210469,,,,1.442454418
7/1/1980,15.22201753,,,,1.416585443
8/1/1980,15.18838555,,,,1.414437777
9/1/1980,15.00798972,,,,1.197173592
10/1/1980,15.19634904,,,,1.360653605
11/1/1980,15.2238668,,,,1.372208147
12/1/1980,15.23360079,,,,1.368882465
1/1/1981,15.2921005,,,,1.168608089
2/1/1981,15.25123934,,,,1.161228006
3/1/1981,15.27624478,,,,1.135670636
4/1/1981,15.23855777,,,,1.131964603
5/1/1981,15.27275433,,,,1.110687744
6/1/1981,15.25693626,,,,1.103214115
7/1/1981,15.23653204,,,,1.100191057
8/1/1981,15.20475281,,,,1.089261385
9/1/1981,15.23370429,,,,1.083798473
10/1/1981,15.23634754,,,,1.070622309
11/1/1981,15.21126303,,,,1.047214596
12/1/1981,15.14964371,,,,1.009061968
1/1/1982,15.18778048,,,,0.880017041
2/1/1982,15.1761918,,,,0.851390623
3/1/1982,15.1793896,,,,0.84031598
4/1/1982,15.15584808,,,,0.823741853
5/1/1982,15.15418659,,,,0.8160363
6/1/1982,15.1769353,,,,0.803706013
7/1/1982,15.11076414,,,,0.792986795
8/1/1982,15.1381028,,,,0.781241106
9/1/1982,15.13526537,,,,0.771211429
10/1/1982,15.12762936,,,,0.765740684
11/1/1982,15.1314834,,,,0.757487308
12/1/1982,15.14266619,,,,0.799956899
1/1/1983,15.59928186,,,,1.048354736
2/1/1983,15.60505202,,,,1.042114056
3/1/1983,15.60941936,,,,1.042784026
4/1/1983,15.57982066,,,,1.031911417
5/1/1983,15.5531361,,,,1.024517329
6/1/1983,15.58157612,,,,1.012024192
7/1/1983,15.83464539,,,,1.017533941
8/1/1983,15.88298838,,,,1.027681316
9/1/1983,15.85206436,,,,1.031944432
10/1/1983,15.9212055,,,,1.033435712
11/1/1983,15.91273046,,,,1.02417373
12/1/1983,15.92398789,,,,1.002348923
1/1/1984,15.6199651,,,,0.70154615
2/1/1984,15.63932088,,,,0.694723548
3/1/1984,15.62317326,,,,0.688580119
4/1/1984,15.69285634,,,,0.696843866
5/1/1984,15.80067113,,,,0.698417821
6/1/1984,15.77459386,,,,0.686491838
7/1/1984,15.74327901,,,,0.674866557
8/1/1984,15.72752813,,,,0.629555163
9/1/1984,15.70794728,,,,0.603119699
10/1/1984,15.73612645,,,,0.536514268
11/1/1984,16.03203253,,,,0.55698746
12/1/1984,15.80965475,,,,0.578321625
1/1/1985,16.40294898,,,,0.661915074
2/1/1985,16.5016255,,,,0.737068441
3/1/1985,16.53947133,,,,0.748081326
4/1/1985,16.58748377,,,,0.747515555
5/1/1985,16.61197318,,,,0.756319262
6/1/1985,16.59533656,,,,0.764795888
7/1/1985,16.75945173,,,,0.782109097
8/1/1985,16.82376294,,,,0.790246352
9/1/1985,16.95855682,,,,0.79260226
10/1/1985,16.91231214,,,,0.79713525
11/1/1985,16.95637265,,,,0.795392472
12/1/1985,16.97450989,,,,0.797683214
1/1/1986,17.6587323,,,,0.812942352
2/1/1986,17.65190159,,,,0.80933434
3/1/1986,17.70868803,,,,0.802071082
4/1/1986,17.69392356,,,,0.795215818
5/1/1986,17.76541319,,,,0.813928734
6/1/1986,17.84479165,,,,0.825073639
7/1/1986,17.94028274,,,,0.857065618
8/1/1986,18.00739696,,,,0.887571738
9/1/1986,18.07086705,,,,0.916508454
10/1/1986,18.14450149,,,,0.927564284
11/1/1986,18.20022982,,,,0.922911121
12/1/1986,18.30591797,,,,0.946876087
1/1/1987,18.90987821,,,,0.963817848
2/1/1987,18.93728936,,,,0.965247903
3/1/1987,19.04812668,,,,0.970335243
4/1/1987,19.17212991,,,,0.986248105
5/1/1987,19.23272675,,,,0.986557528
6/1/1987,19.2808254,,,,0.989496544
7/1/1987,19.31609831,,,,0.991824414
8/1/1987,19.38279305,,,,0.988593128
9/1/1987,19.47686954,,,,0.983964987
10/1/1987,19.58210451,,,,0.992836843
11/1/1987,19.68436613,,,,0.993724426
12/1/1987,19.74298072,,,,0.996576772
1/1/1988,20.63816551,,,,0.919212476
2/1/1988,20.69315177,,,,0.920832459
3/1/1988,20.71810075,,,,0.940716809
4/1/1988,20.8647645,,,,0.971687792
5/1/1988,20.90047061,,,,0.971822955
6/1/1988,20.99176108,,,,0.989409053
7/1/1988,21.09089292,,,,0.998617956
8/1/1988,21.12484868,,,,1.002895221
9/1/1988,21.20416823,,,,1.013503376
10/1/1988,21.29708591,,,,1.024818738
11/1/1988,21.36082388,,,,1.047223785
12/1/1988,21.47902917,,,,1.072633755
1/1/1989,22.54676436,,,,1.422334397
2/1/1989,22.71167506,,,,1.473040173
3/1/1989,22.84714759,,,,1.519754869
4/1/1989,22.87843942,,,,1.542285028
5/1/1989,23.01901865,,,,1.56990865
6/1/1989,23.16529191,,,,1.601596027
7/1/1989,23.1759871,,,,1.606064641
8/1/1989,23.33160202,,,,1.637663762
9/1/1989,23.44169237,,,,1.687901279
10/1/1989,23.60184965,,,,1.708952295
11/1/1989,23.74798067,,,,1.731646483
12/1/1989,23.82261765,,,,1.732049458
1/1/1990,23.60835286,4.46136986,103.4589649,,1.740140515
2/1/1990,23.81169708,4.376588725,100.6386801,,1.785667447
3/1/1990,23.79091297,4.732723568,100.2358944,,1.775550351
4/1/1990,24.03934798,4.684529144,104.3391382,,1.760374707
5/1/1990,24.05287417,4.115542808,101.8057026,,1.770491803
6/1/1990,24.08889615,4.290436625,103.633468,,1.785667447
7/1/1990,24.16632297,4.291595522,105.8097355,,1.795784543
8/1/1990,24.19891364,3.571426317,105.8206122,,1.805901639
9/1/1990,24.21256612,3.590645887,97.83492478,,1.810960187
10/1/1990,24.45624099,3.16345879,102.1676823,,1.856487119
11/1/1990,24.59654905,2.816026872,102.1395879,,1.856487119
12/1/1990,24.54092157,3.229325219,100.9651524,,1.866604215
1/1/1991,25.36714845,3.98549644,96.31060048,,1.732164282
2/1/1991,25.21510012,3.713899559,82.18536496,,1.732164282
3/1/1991,25.15472564,3.953519464,91.53702041,,1.727457314
4/1/1991,25.10254157,3.939054793,102.1747955,,1.727457314
5/1/1991,25.13291624,3.896826644,100.9809994,,1.727457314
6/1/1991,25.20966031,4.689239697,102.4839567,,1.722750346
7/1/1991,25.30117498,4.42676587,106.3586031,,1.703922473
8/1/1991,25.34862415,4.227021897,106.6680792,,1.694508537
9/1/1991,25.37747316,4.384424252,103.073592,,1.675680665
10/1/1991,25.40783143,4.260620224,97.8946043,,1.666266728
11/1/1991,25.45346117,5.044828484,93.04594456,,1.652145824
12/1/1991,25.46812664,4.825852995,99.61277001,,1.647438856
1/1/1992,24.59526926,5.563157321,91.05307031,501.4792947,1.72204551
2/1/1992,24.61123674,6.466989373,90.74398309,469.3347841,1.707071201
3/1/1992,24.66287124,6.553910899,89.88543659,414.7163246,1.702079765
4/1/1992,24.64055235,6.724163491,86.37010966,391.8861478,1.697088329
5/1/1992,24.63628398,6.841972539,81.23438272,361.4573768,1.692096893
6/1/1992,24.64518327,8.009539693,76.94503378,337.2483191,1.692096893
7/1/1992,24.67443884,7.036894977,68.98231819,488.3442063,1.692096893
8/1/1992,24.67482318,6.779960829,63.89104667,460.1301853,1.677122584
9/1/1992,24.58457388,6.403750877,65.6285548,460.5300607,1.64218253
10/1/1992,24.51333285,22.08048839,60.35260545,419.5951704,1.702079765
11/1/1992,24.5062342,19.5083265,55.66318461,388.2389262,1.727036946
12/1/1992,24.52087515,15.8817519,50.98061698,349.5845621,1.737019819
1/1/1993,22.42885644,17.81214282,45.31713603,246.1060961,2.906182082
2/1/1993,22.54067346,16.64235022,39.00020345,213.017152,2.947114224
3/1/1993,22.52803401,15.46407047,38.10504513,201.1034317,2.91436851
4/1/1993,22.57500868,13.67560592,38.88542715,198.0890497,2.897995653
5/1/1993,22.5639077,12.66277947,43.23395719,216.2338947,2.873436368
6/1/1993,22.55399391,13.66199499,43.47829489,218.7119111,2.840690654
7/1/1993,22.43940676,12.35577388,47.37010799,236.2353099,2.832504226
8/1/1993,22.3314387,11.4112739,50.01161819,254.2093594,2.791572084
9/1/1993,22.30236636,11.24755432,53.97991629,273.5630631,2.775199227
10/1/1993,22.40324862,11.32913649,58.49104271,301.1966728,2.750639942
11/1/1993,22.29885938,11.66768787,58.28008497,305.0966483,2.701521372
12/1/1993,22.21782344,11.46605522,60.21286595,311.8149893,2.644216373
1/1/1994,22.98792564,13.67354333,66.29442921,342.9182254,1.934179266
2/1/1994,22.95777867,14.212696,70.29949322,387.7084141,1.928077754
3/1/1994,23.00192531,14.18984603,71.84453539,402.0264645,1.91587473
4/1/1994,22.99711852,13.61686212,72.69157827,396.1274708,1.934179266
5/1/1994,22.87561527,13.62560287,69.78510764,389.0411219,1.91587473
6/1/1994,22.95765594,13.58616346,70.69280979,398.4758138,1.897570194
7/1/1994,23.03161755,12.66652726,71.40743976,404.9216478,1.891468683
8/1/1994,23.00143838,12.25148657,72.99418624,419.4462055,1.885367171
9/1/1994,23.0271892,12.71015854,70.94266322,409.2243948,1.860961123
10/1/1994,23.03949408,12.56845551,72.75677946,413.0063263,1.836555076
11/1/1994,23.10051947,12.11208957,75.55173299,437.5574826,1.812149028
12/1/1994,23.06761145,11.55930476,75.45799578,430.2250767,1.781641469
1/1/1995,23.70456401,11.68461602,73.21772002,415.707073,1.644451146
2/1/1995,23.64610467,11.76006011,73.85094562,409.6823292,1.632991556
3/1/1995,23.66734998,11.61894665,75.39757856,424.9137488,1.627261761
4/1/1995,23.63889443,11.80455132,73.96715357,421.7903252,1.604342581
5/1/1995,23.52970346,11.27311237,75.92375173,433.3808872,1.592882992
6/1/1995,23.54988635,11.58838307,77.22857556,434.671585,1.592882992
7/1/1995,23.52062731,10.8775239,79.27976937,445.0194501,1.575693607
8/1/1995,23.46597339,10.6315253,79.9913959,447.5466085,1.575693607
9/1/1995,23.44548619,11.47699748,78.86944297,437.8221328,1.564234017
10/1/1995,23.41713256,11.50422282,79.62051996,449.740673,1.541314837
11/1/1995,23.43033434,11.80856177,80.63047755,447.5811203,1.535585042
12/1/1995,23.4118598,11.47507735,81.17274964,446.1428851,1.512665862
1/1/1996,23.26624793,12.73292484,78.89905458,437.5303039,1.30587058
2/1/1996,23.34758113,12.53140315,83.61365121,455.1297794,1.285857238
3/1/1996,23.3390517,12.43969757,79.11986352,446.564017,1.26084056
4/1/1996,23.26439035,12.15591885,80.08828892,451.3204467,1.270847231
5/1/1996,23.25351127,11.71578193,83.61132252,461.4116965,1.265843896
6/1/1996,23.26507165,12.67613536,85.09001949,469.4771321,1.255837225
7/1/1996,23.32217436,11.59680277,81.23791836,455.4365647,1.245830554
8/1/1996,23.2998517,10.88212983,81.63315269,460.8274638,1.240827218
9/1/1996,23.22939878,11.16498539,82.10505981,469.6057846,1.235823883
10/1/1996,23.27614854,11.56783641,77.2053623,458.3910414,1.235823883
11/1/1996,23.27831733,12.81655904,81.09896772,461.316642,1.185790527
12/1/1996,23.38617637,12.26437865,81.73368414,454.2065859,1.230820547
1/1/1997,23.49200977,13.12121637,82.17470263,457.303801,1.03276656
2/1/1997,23.49436987,11.70983356,82.48300593,478.1002645,1.028551187
3/1/1997,23.49469133,11.38953639,83.36668458,496.6534639,1.015905066
4/1/1997,23.47438323,11.0377351,86.32673292,523.6550677,0.999043571
5/1/1997,23.39413618,10.59594599,79.62680738,494.5608283,0.994828197
6/1/1997,23.39672628,11.27014951,81.17981647,482.2612995,0.977966702
7/1/1997,23.34784661,10.270535,80.92302272,487.5120974,0.98639745
8/1/1997,23.38166028,10.72812869,82.68069708,493.7025723,0.977966702
9/1/1997,23.28224776,10.25227101,84.99529827,530.1295962,0.977966702
10/1/1997,23.31161777,9.914093022,84.39953954,508.7250105,0.977966702
11/1/1997,23.31024751,10.07939925,84.52979301,503.8980375,0.973751328
12/1/1997,23.30448379,11.33493519,84.4006185,480.4030322,0.973751328
1/1/1998,23.94192367,9.894064596,87.51401256,552.8358797,0.900987925
2/1/1998,23.93402787,9.507971285,86.04927194,517.8535306,0.91284303
3/1/1998,23.93609968,11.71520363,87.92365568,510.3246459,0.904939627
4/1/1998,23.9572576,9.62076437,93.94686736,524.8120932,0.900987925
5/1/1998,23.98956348,9.607695906,91.19117563,510.9140149,0.900987925
6/1/1998,23.93612276,10.26176357,89.86691062,514.5974455,0.893084523
7/1/1998,23.97658525,9.309477694,89.43029237,514.5300721,0.893084523
8/1/1998,24.05917437,9.236377299,88.75323227,513.0201892,0.900987925
9/1/1998,23.99527322,8.955320872,91.29057498,518.7871869,0.897036224
10/1/1998,23.93094777,8.809800553,89.90063091,506.2271175,0.897036224
11/1/1998,23.96106492,8.92800154,90.77931335,527.5314198,0.893084523
12/1/1998,23.94044388,9.726720436,91.75364415,568.3218396,0.904939627
1/1/1999,24.27349001,8.842606004,91.99212101,573.4683858,0.882682388
2/1/1999,24.32157478,8.282918102,92.69358872,536.2395202,0.882682388
3/1/1999,24.4051735,8.057116667,90.21834107,516.4709533,0.870965365
4/1/1999,24.47387063,7.122513732,91.34834801,510.7277526,0.878776713
5/1/1999,24.50944921,7.721469618,89.58873333,512.5667978,0.878776713
6/1/1999,24.57689714,6.843704465,89.52600102,519.963575,0.878776713
7/1/1999,24.61650228,6.481675192,90.94309254,532.6068762,0.874871039
8/1/1999,24.80203544,6.795504019,89.57191148,525.9574743,0.878776713
9/1/1999,24.73599825,7.008440142,90.34653443,533.6385494,0.878776713
10/1/1999,24.84721155,6.849775449,93.54658534,559.3469986,0.886588062
11/1/1999,24.90519439,6.754666159,91.65431753,545.3075042,0.89439941
12/1/1999,24.94289707,7.668991915,87.85903004,534.3805295,0.906116433
1/1/2000,25.11801538,5.679099299,84.74812121,531.2517698,1.023671822
2/1/2000,25.19515538,5.239402691,91.49015095,570.2745074,1.032347007
3/1/2000,25.29051142,4.969794596,93.40459164,566.0461729,1.045359785
4/1/2000,25.41340628,4.643227775,91.34584416,564.6234279,1.062710155
5/1/2000,25.42523343,4.74312111,91.29416972,554.2583034,1.067047747
6/1/2000,25.5594646,4.724887211,91.30641669,554.146536,1.07138534
7/1/2000,25.63116718,4.702773765,90.1025671,549.5225427,1.093073302
8/1/2000,25.66949982,4.699174399,85.68612331,536.1160924,1.097410894
9/1/2000,25.85169693,4.630734905,90.06520955,553.6878643,1.101748487
10/1/2000,25.84685408,4.726043324,89.4037069,553.154228,1.101748487
11/1/2000,25.84238217,4.513549302,87.92584267,545.7734058,1.101748487
12/1/2000,25.91307937,5.076503931,88.04869113,541.7111615,1.114761264
1/1/2001,25.73936207,5.374696301,90.26829645,547.9300269,1.100809444
2/1/2001,25.90716178,5.000862503,89.09675967,529.2005962,1.100809444
3/1/2001,25.92364487,5.412337786,90.74367731,548.0429512,1.092141653
4/1/2001,25.85754864,5.863672538,89.84038391,540.1253253,1.074806071
5/1/2001,25.76003066,5.144388183,88.14183929,524.3119471,1.074806071
6/1/2001,25.87889822,5.13812135,88.42440644,532.1570533,1.061804384
7/1/2001,25.83852387,5.098891103,88.65207176,527.4094429,1.061804384
8/1/2001,25.84661187,5.112283386,89.23016246,545.6992808,1.057470489
9/1/2001,25.86215956,5.265157416,68.93850407,440.6462901,1.06613828
10/1/2001,25.30246284,5.496154084,71.02908284,444.6847405,1.053136594
11/1/2001,25.10985112,5.379971607,74.91281611,488.3597251,1.061804384
12/1/2001,25.10517379,5.820620434,79.41978476,487.4313027,1.061804384
1/1/2002,25.73917623,5.802877908,79.35826742,491.147418,1.214331517
2/1/2002,25.78118892,5.517006999,85.20655526,523.9223401,1.214331517
3/1/2002,25.85442726,5.24507411,82.82566429,509.3327642,1.228903495
4/1/2002,25.81299705,4.84773522,81.12557488,526.9666782,1.238618147
5/1/2002,26.07877114,4.982097148,85.2847143,535.7901729,1.243475473
6/1/2002,26.36050006,4.308670139,88.59724106,537.274315,1.267762103
7/1/2002,26.22421117,4.094507521,83.94942414,514.2177338,1.277476755
8/1/2002,26.19098032,3.995773697,84.47623866,512.6767676,1.282334081
9/1/2002,26.27830428,3.845181821,82.80251291,544.6249944,1.282334081
10/1/2002,26.31870378,3.96944718,84.21827594,543.4771668,1.29690606
11/1/2002,26.28349534,3.838337906,83.91822464,553.0290147,1.311478038
12/1/2002,26.43081269,4.309702951,84.13459456,542.5708623,1.311478038
1/1/2003,26.97649969,4.132838721,83.61241178,532.9097146,1.2782881
2/1/2003,26.97777784,4.175473138,80.7338475,526.8476031,1.282970474
3/1/2003,26.99427787,4.285018666,80.07940384,528.0758778,1.287652848
4/1/2003,26.94500192,4.614762007,80.60237209,558.549655,1.306382344
5/1/2003,27.00427678,4.1846605,79.39905646,551.8549503,1.315747092
6/1/2003,27.02516894,4.375627092,80.58112406,550.7507808,1.306382344
7/1/2003,27.08658004,4.244717676,82.25691282,564.5898747,1.315747092
8/1/2003,27.07576388,4.295176583,84.01201549,592.2679315,1.320429466
9/1/2003,27.11957756,4.239823188,80.31848621,547.8885444,1.32511184
10/1/2003,27.23739336,4.077392186,80.48525699,554.6997768,1.32511184
11/1/2003,27.2733298,3.997067011,81.14253681,556.9023808,1.32511184
12/1/2003,27.3887476,4.112648203,82.64356075,566.4174132,1.315747092
1/1/2004,27.64692861,4.071675311,81.8811794,574.2629763,1.2701983
2/1/2004,27.72131032,3.940393619,83.97262992,588.9999109,1.283711048
3/1/2004,27.71637925,3.426717339,83.4336965,573.0934758,1.252181303
4/1/2004,27.83036519,3.385029439,84.92841552,593.903213,1.292719547
5/1/2004,27.9260976,3.567551565,85.77563456,596.9140002,1.306232295
6/1/2004,28.03515696,3.416087856,85.15990149,578.8642972,1.319745042
7/1/2004,28.17587684,3.366851072,86.6793035,592.5479528,1.324249292
8/1/2004,28.23399831,3.47037612,84.16350803,580.5016066,1.33776204
9/1/2004,28.30317973,3.452998619,86.23577547,592.7526865,1.342266289
10/1/2004,28.4916553,3.507346927,86.6870238,587.4125628,1.369291785
11/1/2004,28.59677264,3.598172342,84.74860209,571.9184427,1.382804533
12/1/2004,28.58560694,3.279133109,87.25563925,580.1324393,1.39631728
1/1/2005,28.38616652,3.15802575,86.29133813,587.519634,1.386330756
2/1/2005,28.45282994,3.144555677,87.61259663,579.3668222,1.399575954
3/1/2005,28.50565073,2.988208394,90.61176559,595.8896345,1.421651285
4/1/2005,28.65718847,2.870749708,84.21162879,570.5827659,1.448141681
5/1/2005,28.73600341,2.874408647,88.5778802,571.8514681,1.46138688
6/1/2005,28.80470772,2.7168556,90.21514999,594.6202225,1.474632078
7/1/2005,28.94619813,2.754709485,96.03860856,631.3702407,1.492292342
8/1/2005,29.05872824,2.632759479,93.37484677,618.9659726,1.501122474
9/1/2005,29.08728337,2.708444239,92.93453597,600.6307551,1.514367673
10/1/2005,29.07459735,2.668545585,94.11081145,612.9348019,1.523197805
11/1/2005,29.07168688,2.734008615,92.84480225,601.0992018,1.532027937
12/1/2005,29.2387882,2.925194005,93.32344704,607.9215098,1.545273135
1/1/2006,29.30031414,2.589665761,95.84851824,624.730441,1.68973306
2/1/2006,29.45371091,2.702590047,95.8868905,623.3125215,1.694547114
3/1/2006,29.4883845,3.13291216,93.86540764,633.5174459,1.699361168
4/1/2006,29.56905821,2.850576592,96.66577908,618.5318551,1.708989277
5/1/2006,29.61724541,2.718858055,96.70429684,621.8077955,1.72343144
6/1/2006,29.69794916,2.549919191,101.8557327,652.6869471,1.742687657
7/1/2006,29.69358004,2.518869585,102.7971738,657.4734274,1.75712982
8/1/2006,29.83530344,2.798503854,100.681385,639.4697614,1.781200091
9/1/2006,29.9275698,2.460165116,102.60212,658.8630523,1.795642254
10/1/2006,29.75485725,2.351593969,102.0154538,641.7522027,1.810084417
11/1/2006,29.88798557,2.132878494,104.6968616,653.6415609,1.838968743
12/1/2006,29.95275576,2.16037734,110.512514,670.2920012,1.863039014
1/1/2007,30.28361389,2.558667547,104.1200486,635.8977395,1.843660771
2/1/2007,30.29490869,2.427905477,105.3266025,649.7008277,1.853313446
3/1/2007,30.34371463,2.470593057,110.0609374,675.3380649,1.86296612
4/1/2007,30.20319684,2.435850826,108.3198766,689.1415964,1.867792457
5/1/2007,30.39799284,2.485683288,108.6516625,679.9461235,1.882271468
6/1/2007,30.5048701,2.620516904,110.5324209,691.1293981,1.896750479
7/1/2007,30.39900542,2.540466029,109.1044029,672.1631524,1.896750479
8/1/2007,30.32918269,2.486441444,114.6382633,713.043585,1.901576817
9/1/2007,30.4221483,2.773789145,108.3838667,679.3705319,1.906403154
10/1/2007,30.44448535,2.915592838,106.5082571,675.9713018,1.911229491
11/1/2007,30.32262004,3.095001562,106.6138567,679.6872156,1.911229491
12/1/2007,30.4870679,3.490602379,106.7847576,699.7481112,1.911229491
1/1/2008,30.35682707,3.339210268,99.84111346,659.2542283,2.099768875
2/1/2008,30.35880624,3.2128448,98.96890696,672.0663605,2.099768875
3/1/2008,30.32070869,3.5886709,96.65949334,649.7019144,2.089137134
4/1/2008,30.24718066,3.538317653,91.36605889,637.062026,2.073189522
5/1/2008,30.16750149,3.762254577,88.2279165,615.4979794,2.041294299
6/1/2008,30.03594509,4.192607016,82.689508,590.9649849,2.030662558
7/1/2008,29.89683583,4.320269598,78.80166731,560.368215,2.014714946
8/1/2008,29.83709291,4.599943833,79.25998678,575.4645183,1.993451464
9/1/2008,29.56528987,5.190468607,78.32247524,570.7994764,1.977503852
10/1/2008,29.34830871,6.494147176,79.86100274,587.108681,1.945608629
11/1/2008,29.37971186,7.287489896,80.02434236,590.3728583,1.913713405
12/1/2008,29.00184857,8.774065508,76.62552842,563.5532925,1.876502311
1/1/2009,28.103772,9.449623917,77.99463397,574.6522672,1.752918546
2/1/2009,27.92426175,9.805486598,78.72896882,570.8821052,1.717352083
3/1/2009,27.80861613,10.39988377,72.02225816,525.8620916,1.68178562
4/1/2009,27.62293707,10.27250347,77.77365943,583.8989246,1.63605731
5/1/2009,27.57274848,10.4399845,79.33980234,583.5213161,1.62081454
6/1/2009,27.58980655,10.20657587,78.21603797,582.7874806,1.60557177
7/1/2009,27.44584379,9.880158915,78.73053962,574.4913816,1.57508623
8/1/2009,27.39525863,9.638369433,78.58253832,576.5050139,1.54460069
9/1/2009,27.28816555,9.484761379,79.92642477,582.189682,1.519196073
10/1/2009,27.29712613,9.077031551,75.85267496,562.5525133,1.51411515
11/1/2009,27.19653747,9.185916252,74.7672353,557.8268604,1.49887238
12/1/2009,27.14390718,9.519010842,76.17736804,556.1449176,1.488710533
1/1/2010,27.62254689,8.789639116,76.68485421,561.3717041,1.60461361
2/1/2010,27.53208554,8.992834943,76.18834729,557.3798121,1.588350634
3/1/2010,27.52739155,8.985246335,76.10050906,562.1115594,1.588350634
4/1/2010,27.57110681,9.002829829,79.87919229,577.4910005,1.577508651
5/1/2010,27.56945645,8.667232159,78.9635784,596.3638751,1.577508651
6/1/2010,27.56359647,8.634552712,80.50263642,587.0928494,1.561245675
7/1/2010,27.6794105,8.330291646,82.46829166,626.3962432,1.550403691
8/1/2010,27.63091016,8.495813493,82.07747131,615.3879221,1.544982699
9/1/2010,27.6405851,9.06972889,82.99099663,614.1530104,1.534140715
10/1/2010,27.77772187,8.774919791,85.03811149,624.1016576,1.561245675
11/1/2010,27.93801873,8.853321102,82.4565929,616.1298047,1.566666667
12/1/2010,27.82585679,8.602567496,81.37325753,596.7213445,1.566666667
1/1/2011,27.55996594,8.61160708,82.75655432,623.7459221,1.321875
2/1/2011,27.64921399,8.695888515,84.2149516,628.172373,1.3359375
3/1/2011,27.68953976,8.719223823,82.33179346,621.5393447,1.3359375
4/1/2011,27.62558928,8.676101921,83.18543726,629.4806903,1.3453125
5/1/2011,27.63797209,8.921521678,82.69787918,617.479676,1.340625
6/1/2011,27.63804063,9.013614708,81.06119135,616.2946799,1.3546875
7/1/2011,27.79055065,8.793605848,82.26393328,615.2894136,1.3734375
8/1/2011,27.79530321,8.701670147,82.77290823,621.0614895,1.36875
9/1/2011,27.89624223,8.586063122,88.51536458,662.6706581,1.3640625
10/1/2011,27.90617539,8.590639019,86.61330745,651.93309,1.3546875
11/1/2011,27.98098925,8.637084476,86.8331798,655.7121059,1.3546875
12/1/2011,28.02927386,8.454076218,88.25304344,673.8901969,1.359375
1/1/2012,27.60899047,8.38763038,90.05111909,683.929985,1.290167186
2/1/2012,27.84941346,8.232375218,86.54055049,669.0857473,1.285718334
3/1/2012,27.88004059,7.994672672,89.11655731,677.8485103,1.285718334
4/1/2012,28.03310119,8.063717374,88.17578106,664.0686198,1.285718334
5/1/2012,28.13112312,7.897739193,89.25131033,675.2522249,1.294616039
6/1/2012,28.2060841,7.575528782,88.14876907,660.5283963,1.303513743
7/1/2012,28.24332306,7.199508887,87.74136262,660.2587218,1.303513743
8/1/2012,28.53084653,6.928965893,91.98933893,678.5974657,1.312411448
9/1/2012,28.35732406,6.652220694,91.75409807,686.1214703,1.325758005
10/1/2012,28.42193882,6.386104968,92.2418168,687.2305548,1.339104562
11/1/2012,28.65583706,6.223164731,95.31380724,716.0831476,1.339104562
12/1/2012,28.55191615,6.254854339,94.35646641,711.4839427,1.343553415
1/1/2013,28.63482252,5.847983389,92.58390799,695.6893046,1.314638732
2/1/2013,28.84133903,5.952407706,93.34397089,698.3775317,1.323287671
3/1/2013,28.87548929,5.783143632,93.73325698,699.8095531,1.33626108
4/1/2013,28.87612025,5.688653485,94.16686559,714.7001174,1.344910019
5/1/2013,29.01901041,5.527535768,93.29220196,702.2751907,1.349234488
6/1/2013,29.07873343,5.4166525,95.2868932,721.0369138,1.344910019
7/1/2013,29.17903036,5.240910028,93.95751886,719.1992246,1.349234488
8/1/2013,29.18010522,5.343207211,92.96722732,719.8957344,1.349234488
9/1/2013,29.21518318,5.377111382,91.70355506,709.1688444,1.344910019
10/1/2013,29.27986664,5.454433856,90.58051155,701.4881442,1.340585549
11/1/2013,29.34911214,5.670840046,91.57034743,712.7256053,1.349234488
12/1/2013,29.37681311,5.559713597,91.16798896,702.5408904,1.357883427
1/1/2014,29.3330963,5.363274302,92.16264132,718.9190522,1.194297782
2/1/2014,29.17197113,5.498486608,90.86532305,703.2066018,1.201953537
3/1/2014,29.21945864,5.236445413,91.81694358,710.4502654,1.205781415
4/1/2014,29.20028652,5.083362913,90.53446251,700.6592441,1.19812566
5/1/2014,29.22424869,4.916596901,90.7799973,709.9494289,1.205781415
6/1/2014,29.2378362,4.775969332,93.0336118,717.5406983,1.217265048
7/1/2014,29.2789387,4.743494965,95.12283406,724.4616775,1.224920803
8/1/2014,29.38254279,4.704463608,92.51285272,706.1753377,1.22874868
9/1/2014,29.35023137,4.575208957,93.72477162,719.5836047,1.240232313
10/1/2014,29.29919123,4.578805905,94.39783261,725.4041471,1.21343717
11/1/2014,29.32082595,4.623188587,92.00906195,715.9416205,1.19812566
12/1/2014,29.33743179,4.504013932,96.64441048,738.1740959,1.18281415
1/1/2015,29.56621005,4.613761334,98.32633207,742.6222621,1.197680548
2/1/2015,29.40615338,4.664689035,95.25145797,737.2755465,1.170218364
3/1/2015,29.33868332,4.612573466,99.96735343,743.4356272,1.161138809
4/1/2015,29.24116951,4.617610938,94.37311316,702.4769149,1.109352895
5/1/2015,29.26891994,4.590581115,98.1188717,763.2469254,1.103374313
