date,Total Visitor Arrivals,US Visitors Arrivals,US West Visitor Arrivals,US East Visitor Arrivals,Japan Visitor Arrivals,Other Visitor Arrivals,Length of Stay,Visitor Days,Average Daily Room Rate,Hotel Occupancy Rate,Revenue per Available Room,Total Visitor Expenditures
1/1/1989,,,,,,,,,89.57775516,73.94505741,,
2/1/1989,,,,,,,,,89.75779226,72.7196122,,
3/1/1989,,,,,,,,,88.89939381,73.21433361,,
4/1/1989,,,,,,,,,93.16797913,70.1626334,,
5/1/1989,,,,,,,,,92.07224756,67.63194306,,
6/1/1989,,,,,,,,,91.29009777,70.6279414,,
7/1/1989,,,,,,,,,95.27707167,72.36689319,,
8/1/1989,,,,,,,,,94.39564569,72.06540783,,
9/1/1989,,,,,,,,,92.19184894,70.68860662,,
10/1/1989,,,,,,,,,91.74436252,68.67077309,,
11/1/1989,,,,,,,,,92.34080585,69.04418184,,
12/1/1989,,,,,,,,,94.87499965,71.96261633,,
1/1/1990,103.4589649,83.45594292,,,,,,,95.73312399,69.2191251,,
2/1/1990,100.6386801,81.67380707,,,,,,,92.96270794,69.47183072,,
3/1/1990,100.2358944,83.03393528,,,,,,,91.34956855,69.57254294,,
4/1/1990,104.3391382,88.77166881,,,,,,,91.12566732,69.75571455,,
5/1/1990,101.8057026,84.25445449,,,,,,,89.83223068,68.44963924,,
6/1/1990,103.633468,83.85561511,,,,,,,91.06144094,66.08474722,,
7/1/1990,105.8097355,86.38487313,,,,,,,91.18015526,68.08195751,,
8/1/1990,105.8206122,84.01258184,,,,,,,91.1150095,66.9789403,,
9/1/1990,97.83492478,79.5143561,,,,,,,91.00318069,65.8732629,,
10/1/1990,102.1676823,80.00617482,,,,,,,92.57027316,66.14108175,,
11/1/1990,102.1395879,79.30357443,,,,,,,93.63423639,65.39036154,,
12/1/1990,100.9651524,77.75661602,,,,,,,92.75240559,62.08079622,,
1/1/1991,96.31060048,77.0020644,,,11.47710174,7.831434337,,,94.97645683,60.96916566,,
2/1/1991,82.18536496,68.74208284,,,5.531887964,7.911394153,,,90.6126811,50.04253428,,
3/1/1991,91.53702041,75.3298126,,,5.331049284,10.87615852,,,91.90578646,53.41023511,,
4/1/1991,102.1747955,84.85574358,,,7.442611135,9.876440783,,,92.66253758,61.57390735,,
5/1/1991,100.9809994,81.78365783,,,7.871252406,11.3260892,,,93.65701131,61.69232633,,
6/1/1991,102.4839567,82.41562675,,,8.509657487,11.5586725,,,94.55787393,65.71246633,,
7/1/1991,106.3586031,86.80340845,,,11.73302215,7.822172498,,,99.46269343,66.41329279,,
8/1/1991,106.6680792,89.29566868,,,10.42161943,6.950791057,,,96.62106657,65.52391444,,
9/1/1991,103.073592,83.76510755,,,10.28281472,9.025669766,,,96.39437954,65.73208981,,
10/1/1991,97.8946043,78.49930307,,,9.188666395,10.20663483,,,98.20109806,61.60020279,,
11/1/1991,93.04594456,72.27058893,,,10.06375068,10.71160495,,,99.14964635,62.34177926,,
12/1/1991,99.61277001,80.18263531,,,9.296566607,10.1335681,,,102.5887688,64.28808585,,
1/1/1992,91.05307031,67.9871409,,,9.303772728,13.76215668,5.507549531,501.4792947,104.3221744,62.63859631,,
2/1/1992,90.74398309,66.7491374,,,9.747683802,14.24716188,5.172076077,469.3347841,104.5919844,61.92900739,,
3/1/1992,89.88543659,67.31263134,,,8.56643737,14.00636788,4.613832233,414.7163246,101.4127649,60.12974095,,
4/1/1992,86.37010966,64.85015615,,,8.477166525,13.04278699,4.537288992,391.8861478,95.72179861,63.2887884,,
5/1/1992,81.23438272,59.93530599,,,9.349505782,11.94957094,4.449561438,361.4573768,91.91149386,65.44236879,,
6/1/1992,76.94503378,57.53369303,,,8.653573365,10.75776739,4.382977075,337.2483191,90.66768932,65.38661312,,
7/1/1992,68.98231819,51.25669424,,,8.342884945,9.382739012,7.079266385,488.3442063,86.65182845,67.462885,,
8/1/1992,63.89104667,46.67486461,,,8.887829746,8.328352311,7.20179445,460.1301853,83.06382184,69.47641622,,
9/1/1992,65.6285548,48.33446972,,,9.579521254,7.714563827,7.017220814,460.5300607,79.11014732,78.4626375,,
10/1/1992,60.35260545,43.59149649,,,9.881649023,6.879459937,6.952395298,419.5951704,73.57020757,80.07438149,,
11/1/1992,55.66318461,40.15757708,,,9.293947725,6.211659804,6.974788255,388.2389262,71.74475383,81.4644903,,
12/1/1992,50.98061698,36.26123305,,,9.536027737,5.18335619,6.857205401,349.5845621,67.40133552,79.74407453,,
1/1/1993,45.31713603,31.83208932,,,8.031331845,5.453714863,5.430751315,246.1060961,58.11311558,77.76800356,,
2/1/1993,39.00020345,27.32568796,,,7.854264227,3.820251265,5.461949763,213.017152,56.79679592,73.71393806,,
3/1/1993,38.10504513,26.2683637,,,8.087066258,3.749615176,5.277606442,201.1034317,57.67306702,76.331438,,
4/1/1993,38.88542715,25.85727029,,,7.930926915,5.097229945,5.094171883,198.0890497,60.4570782,76.18150662,,
5/1/1993,43.23395719,29.07454444,,,7.416257917,6.743154834,5.001482832,216.2338947,62.53502018,75.26393156,,
6/1/1993,43.47829489,28.65987791,,,6.834793908,7.983623071,5.030370019,218.7119111,62.49215152,71.93111713,,
7/1/1993,47.37010799,31.09928309,,,6.315006213,9.95581869,4.987012272,236.2353099,65.14007149,69.51931714,,
8/1/1993,50.01161819,32.56004711,,,6.721014669,10.73055641,5.083006082,254.2093594,67.58554261,70.64042205,,
9/1/1993,53.97991629,36.193031,,,6.172577923,11.61430737,5.067867493,273.5630631,70.71937034,67.52004674,,
10/1/1993,58.49104271,39.82652221,,,6.669227239,11.99529326,5.149449537,301.1966728,73.45218816,69.70129057,,
11/1/1993,58.28008497,40.71948293,,,6.393746341,11.1668557,5.235006923,305.0966483,76.53926236,69.25996228,,
12/1/1993,60.21286595,41.88160003,,,6.293786546,12.03747938,5.178544227,311.8149893,78.26633663,72.96902629,,
1/1/1994,66.29442921,50.82297948,,,5.075135893,10.39631384,5.172655222,342.9182254,86.1043048,72.10393543,,
2/1/1994,70.29949322,50.75651948,,,6.4611845,13.08178923,5.515095434,387.7084141,92.05622023,77.93311202,,
3/1/1994,71.84453539,51.6941835,,,6.734877423,13.41547447,5.595783483,402.0264645,97.42874358,81.99003765,,
4/1/1994,72.69157827,54.35617746,,,6.474256088,11.86114472,5.449427296,396.1274708,101.9011671,77.69820294,,
5/1/1994,69.78510764,51.50325356,,,6.969673382,11.3121807,5.574844477,389.0411219,107.2109665,77.38662759,,
6/1/1994,70.69280979,52.312239,,,7.503001808,10.87756898,5.636723381,398.4758138,107.9495416,77.99183082,,
7/1/1994,71.40743976,53.46803243,,,7.893758874,10.04564846,5.670580672,404.9216478,111.808663,76.47101396,,
8/1/1994,72.99418624,55.52732942,,,8.739414752,8.727442068,5.74629607,419.4462055,117.4311593,76.59412633,,
9/1/1994,70.94266322,53.22053838,,,9.075501959,8.646622875,5.768382187,409.2243948,120.8597661,75.81418319,,
10/1/1994,72.75677946,55.47769891,,,8.151045018,9.128035533,5.676533917,413.0063263,122.1157487,72.8573472,,
11/1/1994,75.55173299,57.85362272,,,8.715059528,8.983050739,5.791494983,437.5574826,122.1031715,73.12970338,,
12/1/1994,75.45799578,58.45362566,,,8.327090774,8.677279343,5.70151741,430.2250767,122.2005476,71.92987949,,
1/1/1995,73.21772002,56.39779451,,,8.674531335,8.145394176,5.677683939,415.707073,122.2470076,67.35134594,,
2/1/1995,73.85094562,58.28935978,,,7.265874105,8.29571173,5.547421576,409.6823292,121.3478763,64.6255831,,
3/1/1995,75.39757856,57.86513998,,,8.638157517,8.894281061,5.635641845,424.9137488,123.8331907,64.88816125,,
4/1/1995,73.96715357,55.14999045,,,8.485765804,10.33139731,5.702400387,421.7903252,125.2963427,61.87342013,,
5/1/1995,75.92375173,55.96841871,,,9.170865689,10.78446734,5.708106848,433.3808872,130.1866847,62.08426273,,
6/1/1995,77.22857556,56.26671019,,,9.025333009,11.93653236,5.628377603,434.671585,127.4978906,63.24319692,,
7/1/1995,79.27976937,57.70603078,,,8.651837939,12.92190066,5.613278818,445.0194501,127.2714442,63.80798021,,
8/1/1995,79.9913959,58.59035501,,,7.473392726,13.92764816,5.594934349,447.5466085,122.650247,63.18119921,,
9/1/1995,78.86944297,58.42845573,,,7.082972766,13.35801448,5.551226385,437.8221328,123.2899661,63.9464051,,
10/1/1995,79.62051996,60.1246128,,,7.336348418,12.15955874,5.648552323,449.740673,126.4310714,64.46041196,,
11/1/1995,80.63047755,59.66400743,,,6.787804172,14.17866595,5.551016611,447.5811203,125.6590131,65.30643317,,
12/1/1995,81.17274964,58.02402463,,,6.92711652,16.22160849,5.496215012,446.1428851,124.1792656,65.23160028,,
1/1/1996,78.89905458,60.12172936,,,7.147009342,11.63031588,5.545444191,437.5303039,122.4159493,66.4909048,,
2/1/1996,83.61365121,63.33867535,,,7.027408509,13.24756735,5.443247279,455.1297794,124.4704694,68.1457724,,
3/1/1996,79.11986352,59.82802553,,,7.63672376,11.65511423,5.644145441,446.564017,123.4328016,66.17823393,,
4/1/1996,80.08828892,60.44597538,,,7.902527661,11.73978588,5.635286417,451.3204467,122.5889508,66.09093462,,
5/1/1996,83.61132252,63.27441919,,,8.05943484,12.27746849,5.518531254,461.4116965,123.6156728,65.39720439,,
6/1/1996,85.09001949,63.27604282,,,8.878356887,12.93561978,5.517417141,469.4771321,125.2193112,68.08745532,,
7/1/1996,81.23791836,61.08302894,,,9.344775577,10.81011384,5.606206731,455.4365647,125.0948696,65.63949696,,
8/1/1996,81.63315269,61.66332161,,,9.158900521,10.81093056,5.645101882,460.8274638,125.9372436,64.85144871,,
9/1/1996,82.10505981,61.9750028,,,8.857768965,11.27228804,5.719571799,469.6057846,128.7729297,63.58127272,,
10/1/1996,77.2053623,55.05959991,,,9.531548061,12.61421433,5.937295387,458.3910414,129.2756724,63.35532267,,
11/1/1996,81.09896772,59.45417471,,,8.850258656,12.79453435,5.688317064,461.316642,129.5297382,62.49914499,,
12/1/1996,81.73368414,60.48550439,,,9.305287221,11.94289252,5.557152974,454.2065859,132.4563913,63.7828085,,
1/1/1997,82.17470263,59.89398125,,,7.95843479,14.32228659,5.565019238,457.303801,134.197516,64.8649944,,
2/1/1997,82.48300593,59.32541974,,,8.023267842,15.13431834,5.796348704,478.1002645,134.8538603,66.20854023,,
3/1/1997,83.36668458,60.01599591,,,7.919568445,15.43112022,5.957457304,496.6534639,134.2752305,67.45430992,,
4/1/1997,86.32673292,64.00077358,,,8.130080853,14.19587849,6.065966475,523.6550677,136.0434411,69.5434715,,
5/1/1997,79.62680738,58.22338819,,,8.248123135,13.15529606,6.210984022,494.5608283,134.9691727,67.3352182,,
6/1/1997,81.17981647,59.94116201,,,7.548547407,13.69010705,5.940655208,482.2612995,136.0883157,66.01079983,,
7/1/1997,80.92302272,58.98335525,,,7.487499096,14.45216838,6.024393071,487.5120974,135.5902409,66.29562281,,
8/1/1997,82.68069708,60.7432757,,,7.305240828,14.63218055,5.971195088,493.7025723,135.6439884,66.61873998,,
9/1/1997,84.99529827,62.17242263,,,8.518394642,14.30448099,6.237163784,530.1295962,135.0802518,67.92376184,,
10/1/1997,84.39953954,62.27192224,,,8.65154833,13.47606898,6.027580402,508.7250105,132.1164086,67.01557807,,
11/1/1997,84.52979301,63.25437793,,,9.086226813,12.18918827,5.961188589,503.8980375,132.8221864,67.75249869,,
12/1/1997,84.4006185,63.61742557,,,9.45306782,11.33012511,5.691937343,480.4030322,134.9693876,66.67646453,,
1/1/1998,87.51401256,63.19092968,,,9.903488734,14.41959415,6.317112694,552.8358797,133.800413,66.40734158,91.52917271,
2/1/1998,86.04927194,62.24032975,,,10.04741965,13.76152255,6.018104731,517.8535306,135.1392255,65.08129184,90.71753539,
3/1/1998,87.92365568,63.87941586,,,9.612760148,14.43147967,5.804179114,510.3246459,136.7834668,64.69219519,91.08736312,
4/1/1998,93.94686736,69.91470033,,,9.302198923,14.7299681,5.58626496,524.8120932,135.7933419,66.46937537,92.30521427,
5/1/1998,91.19117563,66.30575322,,,8.764469399,16.120953,5.602669463,510.9140149,135.6187949,65.57656971,92.57006181,
6/1/1998,89.86691062,66.6168129,,,8.5592684,14.69082932,5.726217157,514.5974455,136.2299847,64.74576049,91.66887444,
7/1/1998,89.43029237,65.49587233,,,9.584448403,14.34997164,5.75342044,514.5300721,136.523994,64.92983187,85.01367076,
8/1/1998,88.75323227,65.62715966,,,9.282867275,13.84320534,5.780298655,513.0201892,139.4690275,64.57333046,87.40042723,
9/1/1998,91.29057498,67.86946565,,,10.08848204,13.33262729,5.682812131,518.7871869,139.8169708,65.72835745,89.43585603,
10/1/1998,89.90063091,67.22587608,,,9.2551556,13.41959923,5.630962903,506.2271175,141.045165,67.51111102,91.35272462,
11/1/1998,90.77931335,67.08600854,,,9.107241002,14.58606381,5.811141331,527.5314198,142.251227,66.0092912,91.65559071,
12/1/1998,91.75364415,69.294276,,,8.522200433,13.93716772,6.193997469,568.3218396,145.4983889,67.07554382,93.74605891,
1/1/1999,91.99212101,71.62358796,,,8.076488472,12.29204458,6.233885897,573.4683858,140.7572641,68.6629456,98.06137648,
2/1/1999,92.69358872,71.87846621,,,8.120062133,12.69506038,5.785076698,536.2395202,141.630719,69.95488328,99.22236876,
3/1/1999,90.21834107,69.60228728,,,7.738038944,12.87801484,5.724678011,516.4709533,142.3502753,69.61502132,98.5066514,
4/1/1999,91.34834801,71.09119986,,,7.861295197,12.39585295,5.590990573,510.7277526,142.7765624,69.90419527,98.44841429,
5/1/1999,89.58873333,70.16634308,,,7.659341422,11.76304883,5.721331006,512.5667978,143.907925,68.80221663,97.76840339,
6/1/1999,89.52600102,69.71959339,,,7.637383165,12.16902446,5.807961588,519.963575,143.5441341,68.82669839,98.05148441,
7/1/1999,90.94309254,70.6200778,,,7.832010869,12.49100388,5.856485208,532.6068762,144.0438477,70.32517126,100.9725434,
8/1/1999,89.57191148,69.11422492,,,7.887854868,12.56983169,5.871901868,525.9574743,144.3868273,70.36172122,101.9196376,
9/1/1999,90.34653443,69.20899935,,,7.83632623,13.30120885,5.906574644,533.6385494,145.8964787,72.88510993,106.462983,
10/1/1999,93.54658534,71.89885943,,,7.266559802,14.38116611,5.9793417,559.3469986,148.6589862,73.87201521,108.8143188,
11/1/1999,91.65431753,70.59522601,,,8.092454494,12.96663703,5.949610655,545.3075042,146.7782345,73.6123475,108.2663336,
12/1/1999,87.85903004,69.90693472,,,6.562184405,11.38991091,6.082249363,534.3805295,154.4687457,67.37767438,102.3754848,
1/1/2000,84.74812121,65.40069371,33.76833627,29.6859362,8.82835535,10.51907215,6.268596427,531.2517698,149.8546895,68.38603526,103.0038897,
2/1/2000,91.49015095,71.21631898,37.90853798,33.36537373,9.648231055,10.62560091,6.233179216,570.2745074,148.600133,74.51660666,109.0569532,
3/1/2000,93.40459164,72.98874487,38.18362969,32.40551202,10.1021053,10.31374147,6.060153607,566.0461729,149.5505611,76.79772362,113.368387,
4/1/2000,91.34584416,70.53755731,36.77725226,31.78522238,10.59961917,10.20866768,6.18116164,564.6234279,148.1977293,75.9671503,111.2639317,
5/1/2000,91.29416972,70.96785609,37.45403126,32.03328888,10.88552478,9.440788854,6.071124861,554.2583034,149.7756213,76.39417195,113.7244831,
6/1/2000,91.30641669,70.76057875,37.95558142,31.96141531,11.09104201,9.454795926,6.069086446,554.146536,146.4218568,78.44586871,113.9258168,
7/1/2000,90.1025671,70.6245605,37.69530542,34.03498896,10.47119733,9.006809278,6.098855564,549.5225427,147.6230175,75.75866803,111.9280083,
8/1/2000,85.68612331,66.19488448,36.55832808,30.60477463,10.91414795,8.577090879,6.256743469,536.1160924,146.5171449,71.99297098,106.1002191,
9/1/2000,90.06520955,69.63824622,37.72427068,34.26443007,10.38775693,10.03920639,6.14763311,553.6878643,147.4106498,73.91198662,109.7471822,
10/1/2000,89.4037069,68.69850031,37.04840331,32.82957607,11.0598632,9.645343397,6.187150926,553.154228,147.2168044,75.01318266,110.3933364,
11/1/2000,87.92584267,68.25290297,36.78163715,33.02422769,10.90148347,8.771456229,6.20720131,545.7734058,151.1416407,76.11389293,116.2047492,
12/1/2000,88.04869113,67.66915581,37.27468648,31.82525405,11.30067345,9.07886187,6.152404476,541.7111615,149.5001516,72.30174229,108.3402833,
1/1/2001,90.26829645,68.9188884,36.99316116,31.89942798,11.55846211,9.79094594,6.070016256,547.9300269,148.7080722,74.87575948,111.994873,
2/1/2001,89.09675967,68.48500442,36.38874542,31.25407235,11.43321256,9.178542691,5.939616638,529.2005962,151.6185669,75.16091615,112.4711039,
3/1/2001,90.74367731,70.52647695,39.12997969,32.21000123,11.37260844,8.844591925,6.039461562,548.0429512,149.6525868,73.91073146,111.1465149,
4/1/2001,89.84038391,69.08310726,38.14594136,31.00153003,11.84814241,8.909134249,6.012054956,540.1253253,152.8689516,73.21760386,111.4686306,
5/1/2001,88.14183929,68.12307401,37.05466319,31.38746484,11.51897346,8.499791823,5.948502452,524.3119471,152.5140368,73.85276896,112.9212843,
6/1/2001,88.42440644,67.72215935,36.6582785,32.28532154,12.07778524,8.624461848,6.018214594,532.1570533,151.7188556,73.95957095,112.8086544,
7/1/2001,88.65207176,67.63859673,36.64720671,31.77524862,12.19966707,8.813807957,5.949206064,527.4094429,151.9779815,74.12560974,114.5670916,
8/1/2001,89.23016246,69.02284471,38.17513481,31.57475485,12.15831936,8.04899839,6.115636974,545.6992808,154.1928296,74.5674719,116.9867925,
9/1/2001,68.93850407,55.28488117,29.72385735,22.75869795,6.397294214,7.256328684,6.391874846,440.6462901,147.7800944,60.60721883,90.15251389,
10/1/2001,71.02908284,59.47237078,32.4757816,26.6340386,5.429909021,6.126803034,6.260600908,444.6847405,149.5438145,60.90190785,91.62528155,
11/1/2001,74.91281611,63.30508106,34.93950591,27.68137461,4.47004631,7.137688743,6.519041073,488.3597251,148.4894466,64.0257936,95.19429261,
12/1/2001,79.41978476,64.81251516,36.8227443,28.7780674,6.955579809,7.651689791,6.137403976,487.4313027,149.7347636,66.79464722,98.45296675,
1/1/2002,79.35826742,63.87433124,35.68764988,28.01674254,7.456842469,8.027093712,6.188988671,491.147418,148.3495582,66.27239376,98.84703518,
2/1/2002,85.20655526,69.18884328,37.78079141,30.62306742,7.77065287,8.247059107,6.148850151,523.9223401,151.2038414,69.71490296,105.1076165,
3/1/2002,82.82566429,65.96635652,37.12696992,29.33961991,8.388793962,8.470513806,6.149455831,509.3327642,152.8184848,70.45481069,106.2018955,
4/1/2002,81.12557488,64.30495205,36.60305222,28.12721919,8.133462177,8.68716066,6.495691142,526.9666782,157.9991116,70.62335245,110.8447501,
5/1/2002,85.2847143,67.16357728,37.1973368,30.08643223,8.592384122,9.528752899,6.282370496,535.7901729,154.3767714,72.04864296,110.88587,
6/1/2002,88.59724106,70.56572617,40.11891531,30.44963857,8.50267659,9.528838302,6.064233024,537.274315,156.8420394,71.66218386,112.310761,
7/1/2002,83.94942414,65.68390704,38.08538133,28.09471974,7.86320223,10.40231488,6.125327708,514.2177338,158.9331478,68.99247622,110.6115658,
8/1/2002,84.47623866,66.09491213,38.25024359,29.15199824,7.964820948,10.41650558,6.068887248,512.6767676,162.4897729,71.49662713,117.174163,
9/1/2002,82.80251291,65.04471269,35.14228507,28.3256069,7.369626422,10.3881738,6.577396932,544.6249944,161.4369455,66.54570083,107.6097467,
10/1/2002,84.21827594,66.41664816,37.83908609,28.29382546,7.580061708,10.22156608,6.453197489,543.4771668,163.1911616,70.55147576,114.7737076,
11/1/2002,83.91822464,65.81273765,36.66359209,29.286009,7.129896027,10.97559097,6.59009431,553.0290147,161.5682377,71.21509533,114.4978406,
12/1/2002,84.13459456,65.28229581,36.91269629,28.1961208,8.433580476,10.41871827,6.448843845,542.5708623,163.7209279,72.92233806,118.3950482,
1/1/2003,83.61241178,67.91909932,38.87861712,29.07306666,5.855679553,9.837632908,6.373571857,532.9097146,167.7548641,73.10330054,121.5637029,82.54844802
2/1/2003,80.7338475,65.73633579,36.96847807,27.4486155,5.598667107,9.3988446,6.525733871,526.8476031,166.7328804,71.83112449,118.7929979,83.36581817
3/1/2003,80.07940384,66.15367155,38.13018222,28.79971884,4.424362481,9.501369813,6.59440321,528.0758778,169.2623294,71.41759043,121.0496044,80.93422516
4/1/2003,80.60237209,68.86363681,39.36816102,29.97241373,3.295278949,8.443456334,6.92969252,558.549655,170.0493468,71.94194723,120.4610589,79.6757406
5/1/2003,79.39905646,67.40964424,39.11659438,29.18889596,3.211027222,8.778384995,6.95039683,551.8549503,169.2273401,71.27828866,120.4136777,81.28051523
6/1/2003,80.58112406,68.75409526,40.3736463,28.3524054,3.292508467,8.53452033,6.834736885,550.7507808,169.414744,71.29277276,121.3300602,80.03341927
7/1/2003,82.25691282,70.47171492,40.79203624,29.77516354,3.434059172,8.351138721,6.863737714,564.5898747,167.3468589,75.29392263,126.2856067,81.24979147
8/1/2003,84.01201549,71.23455288,40.44848938,31.43878646,3.908350713,8.869111895,7.049800295,592.2679315,168.0802064,79.64732072,134.8316383,91.3979588
9/1/2003,80.31848621,67.21373667,37.25581565,28.73298679,4.295280731,8.809468806,6.821450083,547.8885444,172.0277828,75.42183135,129.641309,83.65749762
10/1/2003,80.48525699,67.17611551,39.09342108,27.69323224,4.513156013,8.795985466,6.891942668,554.6997768,170.7310429,76.7491935,130.4733035,86.3998234
11/1/2003,81.14253681,67.50592979,39.29549326,27.97396745,4.764821247,8.87178577,6.86326066,556.9023808,170.5487285,77.32852721,132.0367108,87.68299713
12/1/2003,82.64356075,68.98974425,38.29761629,30.96047344,5.102592345,8.551224156,6.853739215,566.4174132,171.3438758,80.79418049,138.9203295,90.97674292
1/1/2004,81.8811794,68.34841435,39.28130799,29.64204582,4.57712301,8.955642033,7.013369623,574.2629763,171.062659,78.61503069,134.812743,89.08643874
2/1/2004,83.97262992,69.6428881,41.23633207,29.21066701,4.966878276,9.362863536,7.014189164,588.9999109,171.8175595,78.05303298,133.1989823,88.43980701
3/1/2004,83.4336965,70.11058292,39.64885955,29.71106288,4.698380662,8.624732911,6.868849156,573.0934758,175.2642298,78.86573957,138.7733791,85.16113878
4/1/2004,84.92841552,70.92210643,41.20921261,30.48067465,4.983028876,9.02328022,6.992985909,593.903213,176.9500657,79.38431169,140.1390438,88.88762623
5/1/2004,85.77563456,71.67828927,41.0396382,30.77738542,4.895109797,9.20223549,6.959015847,596.9140002,177.0078425,78.4422921,139.7534032,91.49990409
6/1/2004,85.15990149,70.7738657,39.87461136,30.39858475,4.912177861,9.473857931,6.797381009,578.8642972,178.4200332,79.84472193,142.7326561,92.85692832
7/1/2004,86.6793035,72.58263582,40.00745545,32.86266253,4.909090349,9.187577331,6.836094994,592.5479528,179.2487085,79.97876231,142.3175812,93.82371144
8/1/2004,84.16350803,70.60398681,40.57108118,29.50984599,4.533613222,9.025908001,6.897307636,580.5016066,177.9666777,78.07656877,139.8798627,90.7475368
9/1/2004,86.23577547,72.45616589,41.68931559,30.27081235,4.268567848,9.511041734,6.873628529,592.7526865,177.4995496,77.13555151,137.2872894,92.01995082
10/1/2004,86.6870238,72.3922649,40.74579504,31.68542061,4.335784,9.958974906,6.776245591,587.4125628,178.6181412,78.56589125,139.4673968,94.5745535
11/1/2004,84.74860209,71.40763078,41.12506738,29.82891552,3.944011818,9.396959495,6.74841152,571.9184427,179.0683143,76.35924971,136.5466739,90.86468214
12/1/2004,87.25563925,74.44028603,42.23896259,32.31340047,3.880657283,8.934695936,6.648652675,580.1324393,178.846219,74.77884748,134.6109884,89.92038537
1/1/2005,86.29133813,73.47702163,42.03904185,32.17188514,3.976666911,8.837649593,6.80855862,587.519634,174.1222162,78.2137724,136.9164391,88.87019573
2/1/2005,87.61259663,74.857341,41.56408326,32.4408635,3.796941768,8.958313862,6.612825603,579.3668222,178.5518278,76.21907903,135.3278101,88.90966727
3/1/2005,90.61176559,77.63708971,42.8000942,33.41202237,3.730305589,9.24437029,6.576294266,595.8896345,178.0899065,77.95827736,136.5867552,92.83405857
4/1/2005,84.21162879,70.86881138,41.63669914,30.88518081,3.660727115,9.682090299,6.775581639,570.5827659,174.4711644,75.16589912,133.7022898,91.95848619
5/1/2005,88.5778802,75.15662029,42.76665612,31.78005004,3.866001364,9.555258544,6.455917288,571.8514681,176.8339055,77.33216041,137.5866081,94.52857466
6/1/2005,90.21514999,76.66282757,43.71634546,32.64150322,3.803730993,9.748591426,6.591134888,594.6202225,178.2157956,76.9506551,136.9021234,93.11780417
7/1/2005,96.03860856,82.03309018,45.72358848,34.38611234,3.583119384,10.422399,6.574129407,631.3702407,181.1368048,76.7997408,137.4302688,101.177625
8/1/2005,93.37484677,79.94848997,44.66582357,34.75470011,3.28735688,10.13899992,6.628829861,618.9659726,181.9832149,75.35908265,137.2052833,96.13505631
9/1/2005,92.93453597,79.15263573,46.16260523,33.69005561,3.5690826,10.21281765,6.462944575,600.6307551,182.8513454,75.73403424,138.6548153,99.78419131
10/1/2005,94.11081145,79.21907297,46.33130889,33.96251745,3.517814452,11.37392404,6.512905292,612.9348019,182.2268177,75.33818355,136.7450832,97.30229613
11/1/2005,92.84480225,79.47187523,45.433305,34.57062513,3.37986068,9.993066334,6.474236438,601.0992018,185.2539226,74.74378234,137.9918189,96.28077227
12/1/2005,93.32344704,79.54312435,46.59344881,33.89948428,3.542194264,10.23812843,6.514134754,607.9215098,180.9130787,74.98533301,137.7207047,98.46978274
1/1/2006,95.84851824,81.64343206,46.56060346,35.43078516,3.331866972,10.8732192,6.517893573,624.730441,179.4212684,74.6978302,135.394374,97.12688426
2/1/2006,95.8868905,82.35768248,46.11825459,35.83620755,2.940823649,10.58838437,6.500497808,623.3125215,186.848216,74.18974008,137.8365771,94.57920217
3/1/2006,93.86540764,79.9235652,45.26872356,34.44330712,3.155544949,10.78629748,6.749211045,633.5174459,184.9455264,73.52101355,136.5344704,99.08583171
4/1/2006,96.66577908,82.32699881,47.96593926,35.50108141,3.050658391,11.28812188,6.39866415,618.5318551,188.359536,75.18899847,142.1153252,98.92693134
5/1/2006,96.70429684,81.83091806,48.088464,33.32013173,2.835221362,12.03815742,6.429991384,621.8077955,188.3407417,74.83079991,141.4982492,98.1598322
6/1/2006,101.8557327,87.20016544,50.45561636,35.78395162,2.665995395,11.98957191,6.407954952,652.6869471,189.201119,75.83742238,142.7214465,103.3103412
7/1/2006,102.7971738,88.19745863,50.27022158,35.92736615,2.65476642,11.94494875,6.395831744,657.4734274,192.932246,75.61877842,144.4413938,106.2075084
8/1/2006,100.681385,86.59916,50.27899007,34.82262134,2.635157132,11.44706788,6.35141999,639.4697614,193.5390763,74.48866509,144.0509106,105.6044304
9/1/2006,102.60212,87.3210002,52.07991004,37.52322386,2.576564408,12.70455535,6.421534492,658.8630523,190.6167809,74.94034197,143.3164607,105.1780079
10/1/2006,102.0154538,86.94638133,51.21325087,35.97035551,2.562797587,12.50627489,6.290735165,641.7522027,189.7080158,73.62903596,138.8907936,104.3953658
11/1/2006,104.6968616,89.05325622,52.3668525,38.37238499,2.692148031,12.95145735,6.243181992,653.6415609,193.6268081,76.14535938,146.4159004,105.7765375
12/1/2006,110.512514,94.13656057,55.63716671,38.30116956,2.535510704,13.84044278,6.065304069,670.2920012,195.1706654,74.11201459,146.1640986,108.3060774
1/1/2007,104.1200486,87.84193894,51.34357833,37.10593301,2.723022389,13.5550873,6.107351542,635.8977395,200.2991533,73.12299277,147.5621331,109.2146803
2/1/2007,105.3266025,88.79205311,52.09181711,36.41325457,2.67854875,13.85600062,6.168439999,649.7008277,202.667222,72.48616782,147.5086095,109.4469701
3/1/2007,110.0609374,93.12145539,54.42450871,39.50370311,2.953547715,13.98593432,6.136037732,675.3380649,202.9977296,74.96947433,152.5945043,112.2400031
4/1/2007,108.3198766,91.29897171,52.7155497,38.89954689,3.011586034,14.0093189,6.362097315,689.1415964,203.4832817,74.59555086,152.0695907,112.9666541
5/1/2007,108.6516625,93.08598248,52.88034538,40.21672687,2.869675711,12.69600433,6.258036994,679.9461235,207.0289325,73.93256584,152.9782331,109.0187876
6/1/2007,110.5324209,93.65320952,52.65842721,40.71974888,2.952045196,13.92716617,6.252730127,691.1293981,209.7665715,76.51639575,159.9550667,115.4327329
7/1/2007,109.1044029,92.53935212,52.84357103,37.33066566,3.104001161,13.46104962,6.160733522,672.1631524,211.3987798,76.25598258,160.8489629,114.3914684
8/1/2007,114.6382633,97.57853445,55.51582922,40.07741201,3.149559487,13.91016938,6.21994406,713.043585,210.2956633,77.47437306,162.7221058,119.4726891
9/1/2007,108.3838667,91.53106967,52.21290584,41.79207627,2.799191187,14.05360586,6.268188731,679.3705319,208.3534514,77.8424419,161.6821731,109.8023399
10/1/2007,106.5082571,90.82150159,53.75402515,37.37607178,2.606652711,13.08010282,6.346656307,675.9713018,208.7047802,77.55194159,160.6877554,109.5417506
11/1/2007,106.6138567,89.79976811,54.0911054,36.48036668,2.802748761,14.01133979,6.37522398,679.6872156,207.4990874,78.43266141,161.8377246,110.1754279
12/1/2007,106.7847576,89.66081991,53.86231092,35.41517726,2.750489064,14.37344863,6.552883828,699.7481112,208.8753473,76.61945209,161.5831408,119.485229
1/1/2008,99.84111346,84.37939812,50.35543736,34.32823056,2.586878204,12.87483714,6.603033615,659.2542283,209.6672531,77.50609089,163.6539521,104.6466336
2/1/2008,98.96890696,83.56643044,50.89893372,34.40387518,2.479423405,12.92305311,6.790681853,672.0663605,210.522636,76.99383641,161.7849905,106.3547694
3/1/2008,96.65949334,81.70006215,49.39992043,31.93937932,2.316635809,12.64279538,6.721553072,649.7019144,213.4323351,75.43558966,158.9629249,103.8521051
4/1/2008,91.36605889,77.08531838,45.33524202,31.7417861,2.20939835,12.07134216,6.972633314,637.062026,203.0725152,73.63975986,152.5903053,100.9167302
5/1/2008,88.2279165,73.97567655,43.08004254,31.26996284,2.398072431,11.85416752,6.97622707,615.4979794,208.0385422,73.21013499,152.694216,99.57352441
6/1/2008,82.689508,69.16924443,41.15108973,28.48277851,2.189695161,11.33056841,7.146795273,590.9649849,211.4740724,68.79548972,145.9064045,96.63163666
7/1/2008,78.80166731,65.65308446,39.669807,26.98925828,2.126250821,11.02233203,7.111121302,560.368215,205.4911498,68.54552217,142.2929521,90.92681217
8/1/2008,79.25998678,66.05418665,39.04493824,27.73411153,2.110255869,11.09554426,7.260466998,575.4645183,206.5490831,68.82786275,143.7381956,91.89416218
9/1/2008,78.32247524,65.70345214,37.83341364,25.6514974,1.841411963,10.77761114,7.287812019,570.7994764,203.2103236,63.75934146,129.2712188,88.33865924
10/1/2008,79.86100274,66.95470219,39.1798139,26.7916792,2.013069173,10.89323137,7.351631721,587.108681,201.6048685,67.51296565,135.1072493,89.8725668
11/1/2008,80.02434236,67.7074546,40.72735309,26.68786579,1.908145845,10.40874192,7.377415933,590.3728583,199.0221721,65.62915045,129.8611609,87.48986373
12/1/2008,76.62552842,64.90621089,38.70138434,25.45742029,1.987726954,9.731590581,7.354641516,563.5532925,199.635049,62.14425599,124.06643,83.53362838
1/1/2009,77.99463397,66.30962617,40.51525286,25.9745303,1.904898097,9.780109703,7.367843632,574.6522672,198.5649724,59.39517293,119.0829218,85.53139612
2/1/2009,78.72896882,68.02678537,40.87121318,26.10636255,1.8927139,8.809469558,7.251233107,570.8821052,191.0774745,59.88899807,115.8348073,86.77059453
3/1/2009,72.02225816,61.20800145,38.54764165,23.20694311,1.85686648,8.957390225,7.301383003,525.8620916,187.9752573,57.47457608,109.2834612,81.75994886
4/1/2009,77.77365943,65.34286475,38.60649337,27.02161358,2.037588006,10.39320667,7.50766942,583.8989246,186.5125772,59.91919139,111.0943124,86.73067959
5/1/2009,79.33980234,68.5335961,42.2022161,26.14838736,1.658871907,9.147334334,7.354710988,583.5213161,187.7140572,58.00859278,108.4345804,84.46962463
6/1/2009,78.21603797,66.83569355,41.87333845,25.53308523,1.220942492,10.15940192,7.45099721,582.7874806,184.5082989,54.52291506,100.8353787,77.98915056
7/1/2009,78.73053962,66.99750011,42.17662739,25.73368588,1.658394917,10.0746446,7.296931843,574.4913816,181.3472331,55.78824452,102.4219064,79.59112979
8/1/2009,78.58253832,66.57704096,41.28508873,25.94785293,1.67004385,10.33545351,7.336299212,576.5050139,184.2865322,55.89019771,104.5562949,79.0711767
9/1/2009,79.92642477,68.46492214,40.69031872,26.5931915,1.837310771,9.624191858,7.284070114,582.189682,191.6186143,55.68313129,105.1941344,85.13174624
10/1/2009,75.85267496,64.30895909,39.16921644,25.4323073,1.758637529,9.785078344,7.416383319,562.5525133,194.8708784,57.82357166,111.4248302,84.56478465
11/1/2009,74.7672353,62.93777406,37.96776957,24.22562089,1.729645047,10.09981619,7.460846427,557.8268604,188.4927443,55.30995524,102.9410352,84.50768856
12/1/2009,76.17736804,64.16520025,38.82677854,25.05242837,1.666256575,10.34591122,7.300658081,556.1449176,187.7613602,56.59545327,105.5463372,82.99869396
1/1/2010,76.68485421,64.0398648,38.86719009,24.87120202,1.601539895,11.04344951,7.320502984,561.3717041,181.6889587,56.44523629,103.2783993,83.99208774
2/1/2010,76.18834729,62.92568237,37.77097994,24.19950297,1.679077532,11.58358739,7.315814451,557.3798121,181.4587534,57.45447299,104.4257799,84.12521047
3/1/2010,76.10050906,62.77440155,38.11985298,25.13501156,1.764548705,11.56155881,7.386436258,562.1115594,182.209702,57.61286155,105.4820327,85.32409574
4/1/2010,79.87919229,66.7499612,40.76130214,26.13310259,1.759089045,11.37014205,7.22955483,577.4910005,186.0153049,58.08425183,107.1264065,88.47724611
5/1/2010,78.9635784,65.28788074,40.31546787,25.28468237,1.873841457,11.80185621,7.552391713,596.3638751,183.7207753,58.48664154,107.2763582,94.83415869
6/1/2010,80.50263642,67.34309279,40.51348308,26.80251151,1.842078125,11.31746551,7.29284003,587.0928494,183.5373421,60.3374938,110.5840353,89.66381169
7/1/2010,82.46829166,68.04110555,40.73688606,28.51230491,1.83384224,12.59334387,7.595601056,626.3962432,184.8574896,62.55618422,115.0155733,98.64991934
8/1/2010,82.07747131,68.37025772,41.56494559,25.96706077,1.763614937,11.94359866,7.497647189,615.3879221,186.295264,59.21195819,111.1971331,102.5716085
9/1/2010,82.99099663,68.78819297,42.45635015,26.18174607,1.830540434,12.37226322,7.400236597,614.1530104,188.6519884,60.10657855,111.8562153,97.57535575
10/1/2010,85.03811149,70.42552269,43.72161094,26.89293914,1.76940235,12.84318645,7.339081816,624.1016576,190.8664679,60.8884192,115.2284953,99.40088566
11/1/2010,82.4565929,67.77275715,41.19859084,26.69597375,1.749771345,12.93406441,7.472171515,616.1298047,193.7569757,59.97177613,114.9283915,103.5562444
12/1/2010,81.37325753,66.85610775,39.67291106,26.99921887,1.888319305,12.62883048,7.333138215,596.7213445,193.1309781,60.54412571,117.0511797,96.08220211
1/1/2011,82.75655432,68.06771678,41.87195478,26.63067664,2.058939421,12.62989812,7.537118084,623.7459221,194.2745013,60.72279168,118.6259898,101.0114974
2/1/2011,84.2149516,69.23117392,42.00432227,26.74666324,2.023627932,12.96014974,7.459154949,628.172373,198.7658008,61.64977325,122.0459161,100.932674
3/1/2011,82.33179346,67.92702949,41.49632873,26.70475177,1.664291329,12.74047264,7.549202059,621.5393447,199.5613218,61.75585982,123.8324077,97.51629844
4/1/2011,83.18543726,68.89126412,42.65308362,25.72209861,1.692409847,12.60176329,7.567198191,629.4806903,203.2009285,62.09979691,125.4763627,95.33021308
5/1/2011,82.69787918,68.2771405,41.8598714,25.60503434,1.697898568,12.72284011,7.466693005,617.479676,203.2763543,61.50341308,125.1926284,95.17800049
6/1/2011,81.06119135,67.45795048,42.22707839,25.85578235,1.915305767,11.68793511,7.602832744,616.2946799,202.506113,62.17841321,125.9263779,94.39522718
7/1/2011,82.26393328,68.63030419,42.75050005,26.74679084,2.051521229,11.58210786,7.479455323,615.2894136,202.602606,62.92731746,127.6517348,94.7237187
8/1/2011,82.77290823,68.81261202,42.7113569,25.8890042,2.118475583,11.84182062,7.503197638,621.0614895,201.6117591,64.34220354,130.5079904,95.13432096
9/1/2011,88.51536458,74.24902272,46.45353869,27.59323246,2.130871316,12.13547055,7.486504306,662.6706581,205.0711319,67.56692148,137.0366771,101.5746636
10/1/2011,86.61330745,71.78243821,44.50449862,27.58717638,2.044607704,12.78626154,7.526939095,651.93309,206.8936105,66.49341578,137.4407309,100.7623836
11/1/2011,86.8331798,71.98956953,44.03820321,27.49903652,2.053679778,12.7899305,7.551400368,655.7121059,213.8367033,67.20730898,142.5622229,95.63916382
12/1/2011,88.25304344,72.62863554,45.27822556,27.5156479,2.119367897,13.50504001,7.635886204,673.8901969,206.6891694,68.4527848,142.5009613,102.6057849
1/1/2012,90.05111909,73.61397975,44.9855847,28.09968501,2.155178999,14.28196034,7.594908225,683.929985,207.0234137,69.0263384,142.2795798,105.2775101
2/1/2012,86.54055049,70.8878668,44.4286646,27.9785621,2.178805911,13.47387778,7.731470895,669.0857473,207.0397374,67.22057447,138.0603791,100.5884613
3/1/2012,89.11655731,72.86530195,45.84275415,27.62527898,2.148764891,14.10249047,7.60631392,677.8485103,208.3241127,68.53251846,142.818303,105.5472669
4/1/2012,88.17578106,72.19443474,44.1695519,26.61062824,2.265114137,13.71623218,7.531190671,664.0686198,209.5886298,67.53369322,141.2974348,104.5175604
5/1/2012,89.25131033,74.25676684,45.53222873,28.19779332,2.27427362,12.72026987,7.565740182,675.2522249,211.2291943,68.87151138,145.7998869,103.140865
6/1/2012,88.14876907,72.42603291,43.62246608,29.40128114,2.277302316,13.44543384,7.493336587,660.5283963,211.6584191,68.65042586,145.2121546,104.5705168
7/1/2012,87.74136262,71.89178505,44.44066316,27.54604642,2.346793157,13.50278441,7.525056622,660.2587218,212.1390343,69.35138481,146.8048976,108.3185478
8/1/2012,91.98933893,75.73365677,46.33668404,29.10453,2.400059777,13.85562238,7.376914255,678.5974657,214.1660716,69.31899787,148.4023122,107.4827302
9/1/2012,91.75409807,75.76482149,47.53318458,28.12200778,2.363265968,13.62601061,7.477829163,686.1214703,212.9151748,68.03515387,144.3084567,110.6009127
10/1/2012,92.2418168,76.15223716,48.11846886,27.64457775,2.44053876,13.64904087,7.450314604,687.2305548,213.6008231,69.17449267,148.1164305,109.6223656
11/1/2012,95.31380724,78.73621122,49.48761592,29.77075175,2.585201002,13.99239502,7.512900474,716.0831476,215.4446587,70.41910235,151.793687,112.8740503
12/1/2012,94.35646641,77.45467306,48.72436553,28.65439302,2.471846149,14.4299472,7.540383503,711.4839427,212.1907306,69.66580664,149.8264778,117.7568288
1/1/2013,92.58390799,76.36573462,48.01489362,28.85848036,2.541536408,13.67663696,7.51414927,695.6893046,222.7079857,70.02902483,154.717806,110.0716673
2/1/2013,93.34397089,76.74194838,48.91320146,27.87337285,2.596876974,14.00514554,7.481763686,698.3775317,226.2732439,69.40334753,155.2603914,114.1651302
3/1/2013,93.73325698,77.05173824,48.00438729,28.15242091,2.587425389,14.09409335,7.465968597,699.8095531,226.5190758,69.16659644,154.6981815,115.8511248
4/1/2013,94.16686559,77.35489534,48.88731161,28.30356503,2.557334105,14.25463614,7.589719727,714.7001174,224.5171015,70.05987043,159.8641439,116.2739113
5/1/2013,93.29220196,76.39001468,47.7111357,28.6143985,2.516054522,14.38613276,7.527694447,702.2751907,226.3311704,68.88819767,156.215894,111.4122107
6/1/2013,95.2868932,78.15036908,49.83148248,28.55345844,2.478343586,14.65818054,7.567010421,721.0369138,229.8134439,69.10809416,158.8471035,118.6824988
7/1/2013,93.95751886,76.29914983,47.44146798,29.14044657,2.409817152,15.24855188,7.654514863,719.1992246,231.587859,68.08781859,158.4746234,116.4210383
8/1/2013,92.96722732,75.32233811,46.60397173,29.8549333,2.439563044,15.20532617,7.743543129,719.8957344,233.013088,69.8754847,162.9963409,119.0792595
9/1/2013,91.70355506,74.00223344,45.35978174,27.96499804,2.30610583,15.39521579,7.733275378,709.1688444,231.3147719,68.72009196,158.8053566,116.1431003
10/1/2013,90.58051155,73.17124085,45.47657473,27.42409375,2.467962655,14.94130804,7.744360594,701.4881442,229.9054396,68.78429224,157.9763685,116.099771
11/1/2013,91.57034743,74.50579716,46.8130382,28.05368918,2.27790032,14.78664995,7.783366836,712.7256053,226.7037936,69.33965136,158.0692978,116.3002332
12/1/2013,91.16798896,74.16880993,45.77897393,27.89419224,2.251245364,14.74793367,7.706004031,702.5408904,230.3830267,69.43753009,161.3744924,120.058118
1/1/2014,92.16264132,73.74159836,46.64182337,27.67971657,2.069602905,16.35144006,7.800547401,718.9190522,230.9252025,70.06291607,160.7001238,121.7103474
2/1/2014,90.86532305,74.30782093,45.69704758,28.32839353,2.061478131,14.49602399,7.738998533,703.2066018,231.7830725,70.07903451,160.6068568,122.1661521
3/1/2014,91.81694358,75.15280643,47.06582245,28.62082022,2.028093719,14.63604343,7.737681496,710.4502654,229.770563,69.40461968,160.1531053,120.9298397
4/1/2014,90.53446251,73.65981018,44.18548067,28.38310036,1.911566823,14.96308551,7.739144019,700.6592441,227.9007577,69.44920652,157.8338927,120.7336357
5/1/2014,90.7799973,73.86956464,46.13829574,28.41516832,1.894595233,15.01583743,7.82054913,709.9494289,229.1402463,69.92113462,160.260892,122.6116367
6/1/2014,93.0336118,75.60866345,47.5369105,28.04247071,1.97622232,15.44872603,7.712703876,717.5406983,230.6419076,69.86568882,160.8281886,123.0038856
7/1/2014,95.12283406,77.96521762,49.12110398,28.68965741,2.042618142,15.11499829,7.616064898,724.4616775,235.1201478,70.77290941,166.5047776,120.9785653
8/1/2014,92.51285272,75.72805372,47.01048124,28.72241777,2.012233396,14.77256561,7.633267345,706.1753377,235.6992959,68.18950335,161.1915246,120.2862405
9/1/2014,93.72477162,76.31104981,47.87033602,28.40219989,1.98566588,15.42805593,7.677624519,719.5836047,238.6772862,70.94826548,169.3648314,120.8487624
10/1/2014,94.39783261,77.32256143,48.45117842,29.18845644,1.943756295,15.13151489,7.684542399,725.4041471,241.16823,72.2115607,172.9028877,124.2507734
11/1/2014,92.00906195,74.84473209,47.28271566,27.50374582,1.959896369,15.20443349,7.781207691,715.9416205,240.1161475,70.12505998,170.3600163,123.5873255
12/1/2014,96.64441048,78.71314661,48.52179629,29.72588631,1.959683295,15.97158058,7.638042307,738.1740959,245.4971432,70.47010086,173.9729033,125.1421626
1/1/2015,98.32633207,73.68092147,47.73064771,26.82774885,2.496543938,22.14886666,7.552628542,742.6222621,226.984272,68.3067216,153.9970025,123.1893777
2/1/2015,95.25145797,77.54968643,49.15899492,28.40523955,1.857172035,15.84459951,7.740307206,737.2755465,243.9975764,72.49864312,174.9157927,132.2503236
3/1/2015,99.96735343,81.34395936,53.83359984,28.34494838,1.970017853,16.65337622,7.436784127,743.4356272,249.5891606,71.75069133,179.8445644,140.8527462
4/1/2015,94.37311316,77.06699485,47.02908844,28.73026216,1.420592918,15.88552539,7.44361282,702.4769149,,,,120.9513621
5/1/2015,98.1188717,76.97399138,49.20446254,28.47466526,2.924617986,18.22026234,7.778798433,763.2469254,,,,
