date,E_NF@KAU.M,UR@KAU.M,VIS@KAU.M,VDAY@KAU.M,ECT@KAU.M
1972-01-01,9.97876440677966,,,,0.5996118139953691
1972-02-01,9.986054237288135,,,,0.6001870710264244
1972-03-01,9.985901553672317,,,,0.599845324397596
1972-04-01,10.040952118644068,,,,0.6024140048779292
1972-05-01,10.078843644067797,,,,0.6028902090234174
1972-06-01,10.166838135593219,,,,0.6070550350708455
1972-07-01,10.17677231638418,,,,0.6121821793429085
1972-08-01,10.222808050847458,,,,0.6155174613395752
1972-09-01,10.228944632768362,,,,0.6268470840137558
1972-10-01,10.294468644067797,,,,0.6296123045365768
1972-11-01,10.37300324858757,,,,0.6400386897956438
1972-12-01,10.389168220338982,,,,0.6405618277600614
1973-01-01,10.507547672968775,,,,0.6679875881431497
1973-02-01,10.592093974401383,,,,0.6856585994624277
1973-03-01,10.659673556579047,,,,0.6960646729299186
1973-04-01,10.423886109061298,,,,0.6937804880488514
1973-05-01,10.670489554441588,,,,0.6989450177280754
1973-06-01,10.687913333672611,,,,0.7010460805196809
1973-07-01,10.667071398763325,,,,0.7122889629469499
1973-08-01,10.697501799027963,,,,0.710764208202677
1973-09-01,10.756021799536882,,,,0.7167779349098373
1973-10-01,10.859934385098857,,,,0.7372265268557068
1973-11-01,10.872206445456627,,,,0.7284863491814879
1973-12-01,10.872568828723375,,,,0.7325246348587646
1974-01-01,10.561400486279958,,,,0.8569111544710132
1974-02-01,10.521612067682229,,,,0.8503209138243172
1974-03-01,10.469587654443506,,,,0.8405970836784623
1974-04-01,10.45152423956731,,,,0.8324045234962271
1974-05-01,10.56245482062224,,,,0.8523724717147826
1974-06-01,10.80024214757108,,,,0.8719362748916379
1974-07-01,10.751234654890089,,,,0.8727802304759641
1974-08-01,10.769440976529548,,,,0.8781516621897171
1974-09-01,10.82663543889247,,,,0.8735496828554734
1974-10-01,10.769494963529002,,,,0.8780384469995623
1974-11-01,10.767694338311912,,,,0.8730740176455215
1974-12-01,10.771498833920507,,,,0.8653057666092113
1975-01-01,11.478567284925976,,,,0.9129447713407858
1975-02-01,11.52011376619588,,,,0.9103802293874131
1975-03-01,11.579875323917639,,,,0.9099327030298734
1975-04-01,11.591244942509174,,,,0.9016411141032167
1975-05-01,11.58617937136884,,,,0.8964077358123185
1975-06-01,11.575642171281327,,,,0.8715338380092003
1975-07-01,11.615046697620144,,,,0.8613906369612844
1975-08-01,11.652018260932978,,,,0.8669305708274613
1975-09-01,11.639663952159854,,,,0.8477355721859412
1975-10-01,11.652495378856015,,,,0.828618467654701
1975-11-01,11.677708184845757,,,,0.8128372666142155
1975-12-01,11.655002785813256,,,,0.7894198018926882
1976-01-01,12.122242207001882,,,,0.853191690910827
1976-02-01,12.146564522826525,,,,0.8430746666747749
1976-03-01,12.171334186096459,,,,0.8302969071110283
1976-04-01,12.282773013865354,,,,0.8282142519124756
1976-05-01,12.27957465575257,,,,0.8142438032393398
1976-06-01,12.350336567787506,,,,0.7976943786043099
1976-07-01,12.328346094551701,,,,0.7887305459094761
1976-08-01,12.328335527289214,,,,0.7793492688124906
1976-09-01,12.337758003006943,,,,0.7871157950412578
1976-10-01,12.41337733336515,,,,0.7896205144335398
1976-11-01,12.433518535665701,,,,0.7912626846744396
1976-12-01,12.475745316564444,,,,0.7918471840823982
1977-01-01,12.934524889290763,,,,0.715499726434389
1977-02-01,12.911723516728106,,,,0.7089812962628983
1977-03-01,12.935087303795413,,,,0.7026546449681274
1977-04-01,12.994329507778627,,,,0.7067572521912319
1977-05-01,13.039271869421064,,,,0.7087740969294759
1977-06-01,13.049689237439427,,,,0.7070611696780942
1977-07-01,13.075498620481786,,,,0.7023138159835427
1977-08-01,13.101387830098998,,,,0.7021057217220266
1977-09-01,13.067490563631726,,,,0.654503507223687
1977-10-01,13.100368227029282,,,,0.633727136326382
1977-11-01,13.084268658273631,,,,0.6177710962055551
1977-12-01,13.22411393197468,,,,0.646894004707989
1978-01-01,13.250862757569736,,,,0.6617791526238131
1978-02-01,13.350621537578128,,,,0.6668367377913265
1978-03-01,13.421891278517636,,,,0.6733059752018952
1978-04-01,13.486539203604321,,,,0.6819538769879334
1978-05-01,13.555245076083835,,,,0.6820560149192804
1978-06-01,13.656283977119637,,,,0.6934695769904264
1978-07-01,13.738842717374503,,,,0.6975868324484329
1978-08-01,13.800288526690078,,,,0.7198624505964458
1978-09-01,13.876780291084168,,,,0.7349477667851075
1978-10-01,13.96267895050686,,,,0.7415817468034829
1978-11-01,14.040033799333026,,,,0.7417545311872465
1978-12-01,14.061404205039866,,,,0.7564841706561405
1979-01-01,14.041789666257772,,,,0.8887065653339794
1979-02-01,14.18362731694937,,,,0.892628044533933
1979-03-01,14.217111979188699,,,,0.9033120459471825
1979-04-01,14.208977348673915,,,,0.900317385287303
1979-05-01,14.24525693075589,,,,0.9093619703858467
1979-06-01,14.264386362675015,,,,0.9023200191478413
1979-07-01,14.313023768030117,,,,0.9332039748023133
1979-08-01,14.407855289539361,,,,0.945035984019916
1979-09-01,14.440549689099445,,,,0.9677119816682229
1979-10-01,14.420713370838797,,,,0.9782639793302931
1979-11-01,14.266981904318769,,,,0.9765065916125558
1979-12-01,14.413949012309125,,,,0.9728489403229146
1980-01-01,15.054682880003298,,,,1.4423317741724815
1980-02-01,15.111102526137792,,,,1.487475385388426
1980-03-01,15.161696780978696,,,,1.4682156615355806
1980-04-01,15.221893741364731,,,,1.4482418516743725
1980-05-01,15.154415979625924,,,,1.443807657590235
1980-06-01,15.132104693460912,,,,1.4424544181107428
1980-07-01,15.222017526240899,,,,1.4165854433439162
1980-08-01,15.188385550491821,,,,1.4144377773595724
1980-09-01,15.007989724290102,,,,1.1971735922856177
1980-10-01,15.196349044191944,,,,1.3606536048801336
1980-11-01,15.223866797269705,,,,1.3722081473542214
1980-12-01,15.233600789804711,,,,1.3688824653439386
1981-01-01,15.292100502316005,,,,1.1686080885246237
1981-02-01,15.251239343283583,,,,1.1612280058639743
1981-03-01,15.276244776119402,,,,1.1356706357670563
1981-04-01,15.238557774575398,,,,1.1319646032447788
1981-05-01,15.272754332475552,,,,1.110687744283796
1981-06-01,15.256936259392692,,,,1.1032141153484971
1981-07-01,15.236532037056099,,,,1.1001910573803289
1981-08-01,15.204752809058158,,,,1.0892613848075337
1981-09-01,15.233704288214101,,,,1.0837984733578374
1981-10-01,15.236347536798764,,,,1.0706223088421878
1981-11-01,15.211263032424085,,,,1.0472145955371928
1981-12-01,15.149643711785897,,,,1.0090619677834902
1982-01-01,15.187780482410384,,,,0.8800170411806139
1982-02-01,15.176191804031216,,,,0.8513906227061333
1982-03-01,15.179389596461212,,,,0.8403159804833711
1982-04-01,15.155848078287361,,,,0.8237418532818986
1982-05-01,15.15418659182907,,,,0.8160363003913584
1982-06-01,15.17693530025456,,,,0.8037060134643151
1982-07-01,15.110764136376915,,,,0.7929867951410255
1982-08-01,15.138102795977133,,,,0.7812411061736975
1982-09-01,15.135265371614572,,,,0.7712114291717411
1982-10-01,15.127629361932982,,,,0.7657406838631478
1982-11-01,15.13148340358052,,,,0.7574873080780617
1982-12-01,15.14266619371531,,,,0.7999568990718561
1983-01-01,15.599281861075783,,,,1.048354736321611
1983-02-01,15.605052018627172,,,,1.042114055555116
1983-03-01,15.609419357485743,,,,1.0427840261261974
1983-04-01,15.579820658105284,,,,1.031911417460301
1983-05-01,15.553136101423709,,,,1.0245173288340301
1983-06-01,15.581576119066183,,,,1.0120241921258055
1983-07-01,15.834645386288107,,,,1.0175339407112314
1983-08-01,15.882988378533625,,,,1.0276813158156621
1983-09-01,15.852064364255531,,,,1.031944431665304
1983-10-01,15.921205499938457,,,,1.0334357121202442
1983-11-01,15.912730459935176,,,,1.0241737296786357
1983-12-01,15.923987886185534,,,,1.0023489227899103
1984-01-01,15.6199651043034,,,,0.7015461500782422
1984-02-01,15.639320878854582,,,,0.6947235475272613
1984-03-01,15.623173264807448,,,,0.6885801186284246
1984-04-01,15.69285634201014,,,,0.6968438657255027
1984-05-01,15.800671134312084,,,,0.6984178208040955
1984-06-01,15.774593862961693,,,,0.6864918377270283
1984-07-01,15.74327901209637,,,,0.6748665566202549
1984-08-01,15.727528126577678,,,,0.6295551628141367
1984-09-01,15.707947284880554,,,,0.6031196990060403
1984-10-01,15.736126454492217,,,,0.5365142676316623
1984-11-01,16.03203253094772,,,,0.5569874600593122
1984-12-01,15.809654746662899,,,,0.5783216254624153
1985-01-01,16.40294897827363,,,,0.6619150744982162
1985-02-01,16.501625496183205,,,,0.7370684410552979
1985-03-01,16.539471332941865,,,,0.7480813260930019
1985-04-01,16.587483769817965,,,,0.7475155552380738
1985-05-01,16.611973176746915,,,,0.7563192615667188
1985-06-01,16.595336564885496,,,,0.764795887552903
1985-07-01,16.759451732237228,,,,0.7821090974072994
1985-08-01,16.82376294186729,,,,0.7902463523202636
1985-09-01,16.95855681738109,,,,0.7926022596967024
1985-10-01,16.91231214327657,,,,0.7971352495602047
1985-11-01,16.95637264826776,,,,0.7953924715547689
1985-12-01,16.974509894304166,,,,0.7976832143721285
1986-01-01,17.658732304710508,,,,0.8129423520013972
1986-02-01,17.651901590438367,,,,0.8093343400971325
1986-03-01,17.70868803085868,,,,0.8020710818570859
1986-04-01,17.6939235563494,,,,0.7952158176778489
1986-05-01,17.765413190947612,,,,0.8139287340283891
1986-06-01,17.844791646873276,,,,0.8250736386828716
1986-07-01,17.94028274459878,,,,0.8570656183989935
1986-08-01,18.007396963535825,,,,0.8875717378363054
1986-09-01,18.07086704543295,,,,0.9165084535957894
1986-10-01,18.14450149162977,,,,0.9275642840134155
1986-11-01,18.20022982499477,,,,0.922911121478941
1986-12-01,18.305917969863376,,,,0.9468760865467954
1987-01-01,18.90987820998279,,,,0.963817848207034
1987-02-01,18.937289363166954,,,,0.965247903205294
1987-03-01,19.048126678141138,,,,0.9703352432284741
1987-04-01,19.17212991394148,,,,0.9862481047954021
1987-05-01,19.232726746987954,,,,0.9865575283418324
1987-06-01,19.280825404475042,,,,0.9894965438633159
1987-07-01,19.31609831325301,,,,0.9918244136201074
1987-08-01,19.3827930464716,,,,0.9885931284908611
1987-09-01,19.476869535283996,,,,0.9839649868173174
1987-10-01,19.582104509466436,,,,0.9928368434774886
1987-11-01,19.68436612736661,,,,0.9937244259579994
1987-12-01,19.742980722891566,,,,0.9965767716802721
1988-01-01,20.638165507504052,,,,0.919212476015632
1988-02-01,20.693151770119748,,,,0.9208324588007942
1988-03-01,20.71810074779062,,,,0.9407168089182376
1988-04-01,20.86476449824818,,,,0.9716877918864509
1988-05-01,20.90047060607645,,,,0.9718229550464798
1988-06-01,20.991761083512,,,,0.9894090531188813
1988-07-01,21.090892919520993,,,,0.9986179555933777
1988-08-01,21.124848684829782,,,,1.0028952209920214
1988-09-01,21.204168226742663,,,,1.0135033759964476
1988-10-01,21.297085907022954,,,,1.0248187377555893
1988-11-01,21.360823882236048,,,,1.0472237851361508
1988-12-01,21.479029174292734,,,,1.0726337547279816
1989-01-01,22.54676436237737,,,,1.4223343967049433
1989-02-01,22.711675063885902,,,,1.4730401727859956
1989-03-01,22.847147585524677,,,,1.5197548687463422
1989-04-01,22.878439416371272,,,,1.5422850280124005
1989-05-01,23.01901865468633,,,,1.5699086501817874
1989-06-01,23.165291905036675,,,,1.6015960269628289
1989-07-01,23.175987104113418,,,,1.606064640910414
1989-08-01,23.331602021267816,,,,1.637663761925403
1989-09-01,23.441692371609914,,,,1.6879012792366557
1989-10-01,23.60184965130656,,,,1.7089522945842897
1989-11-01,23.74798066606214,,,,1.7316464829526976
1989-12-01,23.822617647349755,,,,1.7320494584415451
1990-01-01,23.60835285692591,4.46136986014225,103.45896492716683,,1.7401405152224827
1990-02-01,23.81169708198871,4.376588725181241,100.63868014485826,,1.7856674473067917
1990-03-01,23.79091296729562,4.732723567986641,100.23589436536606,,1.7755503512880566
1990-04-01,24.03934798004636,4.684529144070071,104.33913816374223,,1.7603747072599534
1990-05-01,24.05287416783928,4.115542808283557,101.80570256261748,,1.770491803278689
1990-06-01,24.08889615234193,4.290436624683613,103.63346799116358,,1.7856674473067917
1990-07-01,24.16632296974855,4.291595521766034,105.80973552345563,,1.7957845433255273
1990-08-01,24.198913635702297,3.571426316808357,105.82061219968045,,1.8059016393442628
1990-09-01,24.212566116629,3.590645887257893,97.83492478438237,,1.8109601873536303
1990-10-01,24.456240992672896,3.163458789714624,102.16768234876244,,1.8564871194379395
1990-11-01,24.596549046057312,2.816026871624855,102.13958789163341,,1.8564871194379395
1990-12-01,24.540921573052543,3.2293252191620936,100.96515242986875,,1.8666042154566749
1991-01-01,25.367148448862693,3.9854964399451576,96.3106004832441,,1.7321642824180896
1991-02-01,25.215100123530156,3.7138995594785507,82.18536495508428,,1.7321642824180896
1991-03-01,25.154725641900775,3.953519464217048,91.53702041067419,,1.727457314259345
1991-04-01,25.102541568273978,3.939054793295693,102.17479550240144,,1.727457314259345
1991-05-01,25.13291624002081,3.8968266436470778,100.98099943209772,,1.727457314259345
1991-06-01,25.20966031455245,4.689239697157809,102.48395673318123,,1.7227503461006002
1991-07-01,25.30117497578861,4.426765870010185,106.35860310018234,,1.703922473465621
1991-08-01,25.34862415144088,4.2270218966623085,106.66807917098697,,1.6945085371481312
1991-09-01,25.377473164575193,4.384424252374453,103.07359202953555,,1.6756806645131521
1991-10-01,25.407831427640215,4.260620223897438,97.89460429985508,,1.6662667281956625
1991-11-01,25.45346116544512,5.04482848376786,93.0459445600825,,1.6521458237194282
1991-12-01,25.468126635038182,4.8258529951281215,99.61277001114284,,1.6474388555606831
1992-01-01,24.595269262967186,5.563157320593348,91.05307031099905,501.47929465012083,1.7220455101541476
1992-02-01,24.611236740899834,6.46698937316571,90.74398308950427,469.3347840584826,1.7070712013701985
1992-03-01,24.662871236594693,6.553910898787773,89.88543658839191,414.7163246358764,1.7020797651088821
1992-04-01,24.640552354069815,6.724163491061319,86.3701096600592,391.88614777372686,1.6970883288475658
1992-05-01,24.636283981834012,6.841972539351948,81.23438271686645,361.4573768002396,1.6920968925862492
1992-06-01,24.645183273065346,8.009539692531542,76.94503377661658,337.24831905342506,1.6920968925862492
1992-07-01,24.674438841295384,7.0368949774402445,68.98231819344149,488.34420633893563,1.6920968925862492
1992-08-01,24.67482317861966,6.779960828707421,63.89104666770292,460.1301852728972,1.6771225838023003
1992-09-01,24.584573879921756,6.403750876877545,65.62855479639464,460.5300607096086,1.6421825299730857
1992-10-01,24.513332848186522,22.080488387937624,60.352605452963715,419.5951703976556,1.7020797651088821
1992-11-01,24.50623420085477,19.508326497916894,55.6631846070172,388.23892622176965,1.727036946415464
1992-12-01,24.52087514638664,15.881751899687103,50.980616977758565,349.58456208726136,1.7370198189380965
1993-01-01,22.428856441688637,17.812142823526244,45.317136030848886,246.10609609130356,2.906182081622796
1993-02-01,22.540673460848424,16.642350216956658,39.000203454971285,213.017152019649,2.947114223617483
1993-03-01,22.528034010942065,15.464070471221824,38.1050451322335,201.10343166654613,2.914368510021734
1993-04-01,22.575008681709498,13.675605916051426,38.88542715361111,198.08904965005007,2.8979956532238584
1993-05-01,22.563907699801998,12.662779470342656,43.2339571925442,216.23389465078932,2.8734363680270465
1993-06-01,22.553993909414924,13.661994986710646,43.47829489328676,218.71191110464062,2.8406906544312966
1993-07-01,22.43940676498092,12.355773882787357,47.37010799328972,236.23530987690947,2.832504226032359
1993-08-01,22.33143869967735,11.41127389820028,50.011618194763784,254.2093594490069,2.791572084037672
1993-09-01,22.302366363905005,11.247554316897656,53.979916293988225,273.56306307025284,2.7751992272397965
1993-10-01,22.4032486181326,11.329136486240188,58.49104270548111,301.19667276438196,2.7506399420429846
1993-11-01,22.298859381435896,11.667687868465615,58.28008497440018,305.09664830945866,2.70152137164936
1993-12-01,22.217823437313015,11.46605521573154,60.212865949861346,311.8149893470114,2.644216372856797
1994-01-01,22.98792563671568,13.67354332953009,66.29442920833301,342.9182254014929,1.934179265658747
1994-02-01,22.957778669561215,14.212696003613967,70.29949321824657,387.70841406228857,1.9280777537796976
1994-03-01,23.001925307650044,14.189846028060316,71.84453539203055,402.0264644877087,1.9158747300215981
1994-04-01,22.997118515064198,13.61686212155313,72.69157827021851,396.1274708381335,1.934179265658747
1994-05-01,22.875615266401848,13.625602866390985,69.78510763745358,389.0411219184017,1.9158747300215981
1994-06-01,22.957655935172205,13.586163461504508,70.69280978650033,398.47581376532275,1.8975701943844492
1994-07-01,23.03161754550903,12.6665272607008,71.40743976305633,404.9216477527976,1.8914686825053995
1994-08-01,23.001438379289073,12.251486573760339,72.99418623959446,419.44620549690603,1.8853671706263497
1994-09-01,23.02718919517532,12.710158544434535,70.94266321540967,409.22439475504854,1.860961123110151
1994-10-01,23.03949408263852,12.56845550896939,72.75677945643798,413.0063263001282,1.8365550755939526
1994-11-01,23.10051947319478,12.112089572955199,75.55173298629268,437.55748255050537,1.8121490280777537
1994-12-01,23.067611448729732,11.559304763039046,75.45799578220836,430.2250766712665,1.7816414686825053
1995-01-01,23.704564008312914,11.684616021323269,73.21772001717399,415.70707300314774,1.6444511459589866
1995-02-01,23.646104667905313,11.76006010516456,73.85094561817426,409.6823291510116,1.6329915560916768
1995-03-01,23.667349980376258,11.618946653444073,75.39757856192873,424.91374875781617,1.6272617611580216
1995-04-01,23.638894431130147,11.804551320274703,73.96715356959423,421.79032515452224,1.6043425814234016
1995-05-01,23.529703456339604,11.273112369288762,75.92375173377431,433.3808871599032,1.5928829915560916
1995-06-01,23.54988635320366,11.588383073843856,77.22857555872226,434.6715850072707,1.5928829915560916
1995-07-01,23.520627312739194,10.877523896161945,79.2797693724649,445.0194500985036,1.5756936067551266
1995-08-01,23.465973394289875,10.63152529748258,79.99139590438612,447.5466085463543,1.5756936067551266
1995-09-01,23.445486187889202,11.476997479396356,78.86944296732226,437.82213276783466,1.5642340168878166
1995-10-01,23.417132558692458,11.504222820270726,79.62051995842987,449.74067297454786,1.5413148371531966
1995-11-01,23.43033434265895,11.808561773196347,80.63047755268317,447.581120262202,1.5355850422195416
1995-12-01,23.41185980407233,11.47507735374701,81.17274964360405,446.14288511688557,1.5126658624849214
1996-01-01,23.266247928894522,12.732924836822534,78.89905458195832,437.53030387423,1.305870580386925
1996-02-01,23.347581132849363,12.531403147300368,83.61365120901907,455.12977942687706,1.2858572381587727
1996-03-01,23.33905169896866,12.439697567056395,79.11986351891815,446.5640169647278,1.2608405603735826
1996-04-01,23.264390353014143,12.155918850798864,80.08828892111342,451.32044674022546,1.2708472314876587
1996-05-01,23.2535112656638,11.71578192970193,83.61132252345055,461.4116965236632,1.2658438959306209
1996-06-01,23.265071649010675,12.676135359554175,85.09001948769686,469.47713206787347,1.2558372248165448
1996-07-01,23.322174360919277,11.596802766243696,81.23791835978953,455.436564727977,1.2458305537024685
1996-08-01,23.299851703177076,10.882129829218812,81.63315268923357,460.82746384701943,1.2408272181454305
1996-09-01,23.229398783311,11.164985392589843,82.1050598060503,469.6057845842493,1.2358238825883925
1996-10-01,23.27614853911122,11.567836408639886,77.2053622987075,458.39104140350264,1.2358238825883925
1996-11-01,23.278317325658033,12.816559035978992,81.09896772306567,461.31664195216644,1.1857905270180122
1996-12-01,23.386176373550278,12.264378652675944,81.73368413944034,454.206585887488,1.2308205470313547
1997-01-01,23.492009768203257,13.121216367522258,82.17470263032395,457.3038009891829,1.0327665603967413
1997-02-01,23.494369868168707,11.709833559067729,82.48300592508241,478.10026446772235,1.0285511866808361
1997-03-01,23.494691325072516,11.389536393108003,83.36668457749656,496.6534639476408,1.015905065533121
1997-04-01,23.474383233227442,11.037735096256561,86.32673291740727,523.6550677495086,0.9990435706695008
1997-05-01,23.39413618173527,10.59594599276894,79.62680737824081,494.56082831330815,0.9948281969535958
1997-06-01,23.39672628368794,11.270149509410231,81.17981646967593,482.2612994673547,0.9779667020899754
1997-07-01,23.347846608747048,10.270535002847813,80.92302272412347,487.51209735321487,0.9863974495217855
1997-08-01,23.38166028179036,10.728128692701643,82.68069708274824,493.70257229648615,0.9779667020899754
1997-09-01,23.282247758172257,10.2522710129053,84.9952982652306,530.1295961746372,0.9779667020899754
1997-10-01,23.311617767103744,9.914093022175962,84.39953954475457,508.7250104978325,0.9779667020899754
1997-11-01,23.310247510300318,10.079399248284304,84.52979301308548,503.89803750471674,0.9737513283740704
1997-12-01,23.30448379095298,11.334935186751727,84.40061850026872,480.40303223839544,0.9737513283740704
1998-01-01,23.94192366642691,9.89406459551323,87.51401256296654,552.8358796758889,0.900987925356751
1998-02-01,23.93402787131683,9.507971284517303,86.04927194342199,517.8535305525968,0.9128430296377609
1998-03-01,23.93609968327141,11.715203629552285,87.92365567905722,510.32464594595035,0.9049396267837542
1998-04-01,23.957257597842094,9.620764369912271,93.94686736033437,524.8120932265352,0.900987925356751
1998-05-01,23.989563476195556,9.607695905905,91.19117562523063,510.9140149394988,0.900987925356751
1998-06-01,23.936122758456836,10.26176357432721,89.86691062090966,514.5974454619677,0.8930845225027444
1998-07-01,23.97658524831663,9.309477693945766,89.43029237403738,514.5300721240898,0.8930845225027444
1998-08-01,24.059174367646712,9.236377299086772,88.75323227251528,513.0201891559201,0.900987925356751
1998-09-01,23.995273216668412,8.955320872452132,91.2905749801115,518.7871869004723,0.8970362239297476
1998-10-01,23.930947773212296,8.809800552938585,89.90063090541771,506.22711754722275,0.8970362239297476
1998-11-01,23.96106491801857,8.928001540335995,90.779313348474,527.5314198235974,0.8930845225027444
1998-12-01,23.940443884733014,9.726720435646019,91.75364415020718,568.3218396462605,0.9049396267837542
1999-01-01,24.273490005376978,8.842606004039322,91.99212101284732,573.4683857961646,0.8826823876197497
1999-02-01,24.321574779796148,8.282918101501746,92.69358872322296,536.2395201538533,0.8826823876197497
1999-03-01,24.405173495729656,8.05711666695248,90.21834106695945,516.4709533078561,0.8709653647752398
1999-04-01,24.47387063374793,7.122513732049784,91.34834800545723,510.72775257336514,0.8787767133382464
1999-05-01,24.50944920696095,7.721469618431865,89.58873333350022,512.5667978297337,0.8787767133382464
1999-06-01,24.576897138807094,6.843704465282174,89.52600101586424,519.9635750334975,0.8787767133382464
1999-07-01,24.616502275420324,6.481675191791137,90.94309254111003,532.6068762034863,0.874871039056743
1999-08-01,24.8020354376365,6.795504019306753,89.57191148211126,525.9574743130152,0.8787767133382464
1999-09-01,24.735998252633408,7.008440142146954,90.34653443041155,533.6385494421971,0.8787767133382464
1999-10-01,24.847211547835684,6.849775448819939,93.54658534430925,559.3469986445157,0.8865880619012529
1999-11-01,24.90519439411031,6.754666159281342,91.65431752837789,545.3075041828231,0.8943994104642595
1999-12-01,24.94289706810891,7.66899191508762,87.85903004030445,534.3805295194919,0.9061164333087696
2000-01-01,25.118015375550566,5.679099298888923,84.74812120809925,531.2517698180667,1.0236718224613317
2000-02-01,25.195155380725353,5.239402690501893,91.4901509462879,570.2745073895412,1.0323470073974446
2000-03-01,25.290511420174756,4.969794595826094,93.40459163876463,566.0461729185247,1.045359784801614
2000-04-01,25.41340627551036,4.643227774737879,91.34584415844918,564.6234278663186,1.06271015467384
2000-05-01,25.425233426175833,4.743121109616444,91.29416972304209,554.2583034294219,1.0670477471418967
2000-06-01,25.55946459734651,4.724887211056805,91.30641668718917,554.1465359664717,1.071385339609953
2000-07-01,25.631167179725185,4.702773764928947,90.10256710225633,549.5225426602938,1.0930733019502354
2000-08-01,25.669499818622683,4.699174398816663,85.68612331328292,536.1160923880075,1.097410894418292
2000-09-01,25.85169692841051,4.630734904650923,90.06520954512257,553.6878642803478,1.1017484868863483
2000-10-01,25.846854080740247,4.726043323963058,89.40370690176684,553.1542279789978,1.1017484868863483
2000-11-01,25.842382172239006,4.513549302024122,87.92584267385968,545.7734058344149,1.1017484868863483
2000-12-01,25.913079370848322,5.076503931231635,88.04869113327078,541.7111614695938,1.1147612642905178
2001-01-01,25.739362073817375,5.374696300856508,90.26829645028879,547.9300268758393,1.1008094435075884
2001-02-01,25.90716178218531,5.000862502776881,89.09675967064226,529.2005961556614,1.1008094435075884
2001-03-01,25.923644868828248,5.412337786461552,90.74367731294761,548.0429511594156,1.092141652613828
2001-04-01,25.857548635135096,5.863672538090814,89.84038391251806,540.1253253072805,1.074806070826307
2001-05-01,25.76003066131258,5.144388183034298,88.14183929116881,524.3119471282375,1.074806070826307
2001-06-01,25.878898221982034,5.1381213499854255,88.42440643819218,532.1570533140678,1.0618043844856662
2001-07-01,25.838523871349828,5.098891103097958,88.6520717599787,527.4094428701753,1.0618043844856662
2001-08-01,25.846611865276937,5.112283385920058,89.23016246449819,545.6992807538957,1.0574704890387858
2001-09-01,25.86215956042147,5.265157416369304,68.93850406764125,440.6462900815858,1.0661382799325465
2001-10-01,25.3024628390048,5.496154083737648,71.02908283975252,444.6847405122853,1.0531365935919055
2001-11-01,25.109851116274392,5.379971607020706,74.91281611281174,488.3597251444243,1.0618043844856662
2001-12-01,25.10517378572624,5.820620434104196,79.41978475558697,487.43130269713214,1.0618043844856662
2002-01-01,25.73917623290409,5.802877907653348,79.35826742025438,491.14741800630765,1.2143315165117028
2002-02-01,25.781188920424594,5.517006998996788,85.20655525546691,523.9223401331211,1.2143315165117028
2002-03-01,25.854427258428398,5.245074110099113,82.82566428733276,509.3327642113004,1.2289034947098432
2002-04-01,25.812997046216047,4.84773522015084,81.1255748835436,526.9666781922369,1.2386181468419368
2002-05-01,26.078771139734776,4.982097148288744,85.28471429831816,535.7901728757793,1.2434754729079838
2002-06-01,26.36050006433212,4.308670139061399,88.5972410584449,537.2743150353116,1.2677621032382178
2002-07-01,26.224211166751047,4.094507521120095,83.94942414419393,514.217733805885,1.2774767553703112
2002-08-01,26.190980321723142,3.9957736970854585,84.47623866052747,512.6767675744411,1.282334081436358
2002-09-01,26.27830428488992,3.845181821152266,82.80251290812069,544.6249943938982,1.282334081436358
2002-10-01,26.31870377779614,3.969447179875274,84.21827594088123,543.4771667982918,1.2969060596344986
2002-11-01,26.283495337852035,3.8383379058658296,83.91822463677204,553.0290146778495,1.311478037832639
2002-12-01,26.430812688432678,4.309702950801519,84.1345945646679,542.5708622955773,1.311478037832639
2003-01-01,26.97649969308549,4.132838720591147,83.61241178309606,532.9097146289948,1.2782881002087685
2003-02-01,26.97777783510986,4.1754731378429994,80.7338475016768,526.84760314517,1.282970474202207
2003-03-01,26.99427787288917,4.285018666227569,80.079403842026,528.075877762211,1.2876528481956457
2003-04-01,26.945001919608565,4.614762007004291,80.6023720896947,558.5496549661212,1.3063823441694005
2003-05-01,27.004276783355195,4.1846605002369035,79.3990564611596,551.8549502933944,1.3157470921562782
2003-06-01,27.0251689404728,4.375627092470646,80.58112405853379,550.7507808134633,1.3063823441694005
2003-07-01,27.086580039600854,4.244717676083177,82.25691281736202,564.5898747172306,1.3157470921562782
2003-08-01,27.07576388383242,4.295176582629113,84.0120154860626,592.2679315464297,1.3204294661497167
2003-09-01,27.119577563568505,4.239823188240566,80.31848620776071,547.8885443811537,1.3251118401431554
2003-10-01,27.237393362116688,4.077392185908934,80.48525698830164,554.699776821382,1.3251118401431554
2003-11-01,27.273329804553303,3.997067010668065,81.14253680909653,556.9023807573446,1.3251118401431554
2003-12-01,27.388747598355287,4.11264820274625,82.6435607492309,566.4174131671034,1.3157470921562782
2004-01-01,27.64692860803398,4.071675311467149,81.8811793968241,574.2629762991421,1.270198300283286
2004-02-01,27.721310315068067,3.940393618569049,83.97262991592689,588.9999108507291,1.2837110481586402
2004-03-01,27.716379252635665,3.426717338848395,83.43369649514655,573.0934757932887,1.2521813031161473
2004-04-01,27.830365186585567,3.3850294394747404,84.92841552190048,593.9032130277533,1.2927195467422095
2004-05-01,27.926097599590584,3.5675515648231015,85.77563456103526,596.914000198936,1.3062322946175637
2004-06-01,28.03515696363425,3.4160878564620023,85.15990149247514,578.8642971542959,1.3197450424929178
2004-07-01,28.175876842772855,3.3668510717142275,86.67930349802472,592.547952760035,1.3242492917847024
2004-08-01,28.233998305746663,3.470376119801599,84.16350803182338,580.5016066085697,1.3377620396600567
2004-09-01,28.303179725680998,3.452998618934866,86.23577547108896,592.752686510477,1.3422662889518413
2004-10-01,28.491655302468764,3.5073469266398205,86.68702380242394,587.4125628186117,1.3692917847025494
2004-11-01,28.59677263863108,3.598172341938499,84.74860209147926,571.9184426808116,1.3828045325779037
2004-12-01,28.58560694457806,3.2791331085664344,87.2556392452881,580.1324392973492,1.3963172804532578
2005-01-01,28.386166524978204,3.1580257497561104,86.29133812995556,587.5196340349653,1.3863307557994515
2005-02-01,28.452829941981886,3.1445556765897,87.61259663280129,579.3668221537514,1.399575954103268
2005-03-01,28.50565073012347,2.988208394070524,90.61176558519593,595.8896344576181,1.4216512846096288
2005-04-01,28.657188470783716,2.870749707560649,84.21162879427763,570.5827658518467,1.4481416812172614
2005-05-01,28.73600341495731,2.8744086473303287,88.57788020127683,571.8514681392325,1.461386879521078
2005-06-01,28.804707721772182,2.71685560026228,90.21514998743051,594.620222529595,1.4746320778248942
2005-07-01,28.946198130268627,2.754709485429041,96.03860856307593,631.3702407342296,1.4922923422299827
2005-08-01,29.058728235088083,2.6327594788646658,93.37484676644458,618.9659725541777,1.501122474432527
2005-09-01,29.08728336934215,2.7084442393717545,92.93453597283278,600.6307550653777,1.5143676727363435
2005-10-01,29.074597350037727,2.6685455853941553,94.11081145199361,612.9348019285053,1.523197804938888
2005-11-01,29.071686882164364,2.7340086154625465,92.84480224748805,601.0992017971582,1.5320279371414323
2005-12-01,29.238788201653442,2.925194005137177,93.32344704278817,607.9215097535426,1.5452731354452485
2006-01-01,29.30031413650022,2.5896657613691088,95.84851823801617,624.7304410471443,1.6897330595482551
2006-02-01,29.45371091157754,2.70259004668032,95.88689049655474,623.3125215246326,1.6945471138489625
2006-03-01,29.488384501485257,3.132912160336554,93.86540763553612,633.5174459136866,1.6993611681496694
2006-04-01,29.569058212975797,2.850576592188203,96.6657790796357,618.5318551209555,1.7089892767510841
2006-05-01,29.617245408777855,2.7188580551832153,96.70429684399106,621.8077955063935,1.723431439653206
2006-06-01,29.69794915939361,2.5499191911407815,101.85573274814531,652.6869470588763,1.7426876568560352
2006-07-01,29.69358004405334,2.5188695851864895,102.79717380007408,657.4734274289337,1.757129819758157
2006-08-01,29.835303441589282,2.7985038539192097,100.68138501037609,639.4697613560674,1.7812000912616934
2006-09-01,29.927569802452126,2.460165115887014,102.60211995778843,658.8630522722615,1.795642254163815
2006-10-01,29.754857250828707,2.3515939685904597,102.01545380506917,641.7522026694977,1.8100844170659371
2006-11-01,29.88798557334324,2.132878493799606,104.69686159799055,653.6415609168615,1.8389687428701809
2006-12-01,29.95275576478231,2.1603773397146586,110.51251404882079,670.2920011846875,1.8630390143737172
2007-01-01,30.283613892725803,2.5586675465050557,104.12004862879698,635.8977395278499,1.8436607713616027
2007-02-01,30.29490868989748,2.4279054772521014,105.32660247710321,649.7008277286175,1.853313445557213
2007-03-01,30.34371463426806,2.4705930572027635,110.06093742449814,675.3380649038861,1.8629661197528236
2007-04-01,30.2031968415046,2.435850826125918,108.31987664876522,689.1415964215639,1.867792456850629
2007-05-01,30.397992841951037,2.4856832881659408,108.65166252178953,679.9461234680982,1.8822714681440444
2007-06-01,30.50487009504201,2.6205169038711063,110.53242088713087,691.129398058089,1.8967504794374601
2007-07-01,30.399005418560385,2.5404660287964287,109.10440290990383,672.1631524181691,1.8967504794374601
2007-08-01,30.329182692522966,2.4864414436548077,114.63826331320863,713.0435849868599,1.9015768165352653
2007-09-01,30.422148303261494,2.7737891447251917,108.38386671189198,679.3705319439196,1.9064031536330708
2007-10-01,30.444485351623413,2.915592837775094,106.50825712236991,675.9713017617352,1.911229490730876
2007-11-01,30.322620035329965,3.09500156177126,106.61385666450272,679.6872155814127,1.911229490730876
2007-12-01,30.487067900293795,3.490602379152452,106.7847576065183,699.7481111998004,1.911229490730876
2008-01-01,30.356827071497094,3.339210268455395,99.84111345941042,659.2542283085046,2.0997688751926047
2008-02-01,30.35880624256506,3.2128448002526566,98.96890695535363,672.0663604942956,2.0997688751926047
2008-03-01,30.320708691676508,3.588670900222668,96.65949334147805,649.7019143622017,2.0891371340523888
2008-04-01,30.247180658583055,3.538317652799261,91.36605888942475,637.0620260205503,2.0731895223420653
2008-05-01,30.16750148550684,3.7622545770373717,88.22791650321479,615.4979793965931,2.041294298921418
2008-06-01,30.035945093821663,4.192607016189709,82.68950799579272,590.9649848581914,2.0306625577812025
2008-07-01,29.89683582722735,4.320269597742088,78.80166731007171,560.3682150081653,2.0147149460708786
2008-08-01,29.83709290555581,4.599943832541453,79.25998677884571,575.4645182872733,1.9934514637904475
2008-09-01,29.565289869322704,5.190468607034138,78.3224752423228,570.7994764229371,1.977503852080124
2008-10-01,29.348308705844282,6.494147176363252,79.86100274141816,587.1086810011661,1.9456086286594767
2008-11-01,29.379711856518412,7.287489895824439,80.02434236125373,590.3728583413262,1.9137134052388296
2008-12-01,29.00184856577207,8.774065508494456,76.62552842141312,563.553292498796,1.8765023112480743
2009-01-01,28.10377199589176,9.449623916505578,77.99463397180654,574.6522672356328,1.7529185460334307
2009-02-01,27.92426175366966,9.805486597624713,78.72896882352987,570.8821051892204,1.7173520827805784
2009-03-01,27.808616129050613,10.399883765692541,72.02225815766963,525.8620915664917,1.6817856195277263
2009-04-01,27.622937070751995,10.272503470782034,77.77365942624398,583.8989245615358,1.636057309631202
2009-05-01,27.57274848080155,10.439984503831267,79.33980234100095,583.5213160867575,1.6208145396656939
2009-06-01,27.589806548177265,10.206575870255307,78.2160379657538,582.7874806216087,1.605571769700186
2009-07-01,27.44584379240318,9.880158915348714,78.73053962374102,574.4913815706788,1.5750862297691697
2009-08-01,27.39525863203656,9.638369433294436,78.58253831534564,576.5050139234111,1.5446006898381535
2009-09-01,27.28816554895915,9.484761379280283,79.92642476706304,582.1896819848641,1.5191960732289733
2009-10-01,27.297126134487506,9.07703155072671,75.85267496490435,562.5525133209956,1.5141151499071372
2009-11-01,27.19653747230894,9.18591625231382,74.76723529759455,557.8268603553804,1.4988723799416293
2009-12-01,27.143907179048345,9.519010841504583,76.17736804224126,556.1449175834222,1.488710533297957
2010-01-01,27.622546889308357,8.789639115953563,76.6848542097896,561.3717040629846,1.604613610149942
2010-02-01,27.532085544463754,8.992834942531081,76.18834729170962,557.3798120849373,1.5883506343713953
2010-03-01,27.527391554229773,8.985246335441321,76.10050906037966,562.1115593600147,1.5883506343713953
2010-04-01,27.57110680589054,9.002829828752446,79.87919229368893,577.4910004560483,1.577508650519031
2010-05-01,27.569456446191325,8.667232159092098,78.96357839788789,596.3638751432911,1.577508650519031
2010-06-01,27.563596469627857,8.634552712164068,80.50263641874065,587.092849387718,1.5612456747404841
2010-07-01,27.67941050218991,8.330291645540445,82.46829165822062,626.3962431771706,1.5504036908881198
2010-08-01,27.630910158610035,8.495813492938286,82.07747131462365,615.3879220596631,1.5449826989619373
2010-09-01,27.64058509588514,9.069728889752382,82.99099662833524,614.1530104494659,1.534140715109573
2010-10-01,27.77772187408496,8.77491979123317,85.03811148820611,624.1016576496265,1.5612456747404841
2010-11-01,27.938018725065596,8.85332110174163,82.45659290031587,616.1298046976134,1.5666666666666662
2010-12-01,27.825856792110628,8.602567495798752,81.37325753087354,596.7213444714657,1.5666666666666662
2011-01-01,27.559965941140902,8.611607079600535,82.75655432086566,623.7459221458648,1.3218750000000001
2011-02-01,27.649213986912752,8.695888515184924,84.21495160042008,628.1723730079001,1.3359375000000002
2011-03-01,27.689539756850902,8.719223822991273,82.33179346181029,621.5393447165568,1.3359375000000002
2011-04-01,27.625589282910212,8.676101921179724,83.18543725636592,629.4806903219619,1.3453125000000001
2011-05-01,27.637972094463855,8.921521678166211,82.69787917715885,617.4796759769913,1.3406250000000002
2011-06-01,27.638040631298406,9.013614708346541,81.06119135209774,616.2946798573339,1.3546875
2011-07-01,27.790550651838206,8.793605847611996,82.2639332757892,615.2894136335606,1.3734375000000003
2011-08-01,27.795303212686708,8.701670146941098,82.7729082285281,621.0614894921172,1.3687500000000001
2011-09-01,27.89624222943168,8.586063122035403,88.51536458327413,662.6706581342676,1.3640625000000002
2011-10-01,27.906175394012553,8.590639018530766,86.6133074500788,651.9330899575618,1.3546875
2011-11-01,27.98098924974771,8.637084475861023,86.83317980193735,655.7121058700028,1.3546875
2011-12-01,28.029273864209383,8.454076218377903,88.25304344106354,673.8901968858794,1.3593750000000002
2012-01-01,27.60899046601496,8.387630379875011,90.0511190862631,683.9299850480843,1.2901671861717203
2012-02-01,27.849413458838,8.232375218040511,86.54055048554886,669.0857473013908,1.2857183338056108
2012-03-01,27.88004059276586,7.994672672350312,89.11655730533626,677.8485103438601,1.2857183338056108
2012-04-01,28.033101193425207,8.063717373787538,88.17578106222365,664.0686197833322,1.2857183338056108
2012-05-01,28.131123121260032,7.897739192953646,89.25131032802057,675.2522248707066,1.2946160385378298
2012-06-01,28.20608409857563,7.575528782076635,88.14876906853667,660.5283963291189,1.3035137432700485
2012-07-01,28.24332306439896,7.199508886844597,87.74136261716453,660.2587217670397,1.3035137432700485
2012-08-01,28.530846533830456,6.928965892577121,91.9893389261026,678.5974656713482,1.3124114480022673
2012-09-01,28.35732406107902,6.652220693535749,91.75409807032018,686.1214703381956,1.3257580051005955
2012-10-01,28.42193881909304,6.386104967798922,92.24181679862326,687.2305548386776,1.3391045621989237
2012-11-01,28.655837060630176,6.223164730671559,95.31380724085159,716.0831476190255,1.3391045621989237
2012-12-01,28.551916152440896,6.25485433894597,94.35646641363897,711.483942710509,1.343553414565033
2013-01-01,28.634822517131916,5.847983389441347,92.58390798724741,695.689304630035,1.3146387322052109
2013-02-01,28.841339026560817,5.952407706234808,93.34397089177006,698.3775316981558,1.3232876712328767
2013-03-01,28.875489287527053,5.783143632327681,93.73325697692869,699.8095531122547,1.3362610797743755
2013-04-01,28.87612025428815,5.688653485007233,94.16686558650505,714.7001173768181,1.3449100188020415
2013-05-01,29.019010410447137,5.5275357677207815,93.29220196228688,702.2751906985599,1.3492344883158742
2013-06-01,29.07873342661424,5.41665250048945,95.28689319873256,721.0369137773179,1.3449100188020415
2013-07-01,29.179030364144545,5.2409100282466365,93.95751886338971,719.1992246156778,1.3492344883158742
2013-08-01,29.180105220252536,5.343207210933709,92.96722732392116,719.8957343867934,1.3492344883158742
2013-09-01,29.215183180895828,5.377111382006616,91.70355506195224,709.1688444319782,1.3449100188020415
2013-10-01,29.279866641284777,5.454433855727647,90.5805115482337,701.4881442278396,1.3405855492882084
2013-11-01,29.34911213803929,5.670840045661086,91.5703474303587,712.7256053458696,1.3492344883158742
2013-12-01,29.376813114929075,5.559713596958005,91.16798896001258,702.5408904220172,1.35788342734354
2014-01-01,29.33309629770289,5.36327430208845,92.16264132096724,718.9190522465107,1.194297782470961
2014-02-01,29.17197113416548,5.498486608477937,90.86532305431994,703.2066018373309,1.2019535374868004
2014-03-01,29.219458640347806,5.2364454134632865,91.81694358318104,710.4502653841655,1.2057814149947204
2014-04-01,29.200286520810614,5.083362912744549,90.53446251364845,700.65924408357,1.1981256599788808
2014-05-01,29.224248690642945,4.91659690104923,90.77999730037078,709.9494289106507,1.2057814149947204
2014-06-01,29.23783620244073,4.775969331862373,93.03361180053473,717.5406983186093,1.2172650475184796
2014-07-01,29.27893870440868,4.743494964811856,95.12283405644371,724.4616774955012,1.224920802534319
2014-08-01,29.382542791925992,4.704463607650022,92.51285272187201,706.1753377002326,1.228748680042239
2014-09-01,29.35023137126198,4.575208957311538,93.72477162206633,719.5836046783999,1.240232312565998
2014-10-01,29.299191232692557,4.578805904590821,94.39783261471806,725.4041471472981,1.2134371700105597
2014-11-01,29.320825948095063,4.62318858739742,92.00906194928551,715.9416204554252,1.1981256599788808
2014-12-01,29.337431786387544,4.504013931617601,96.64441048113508,738.1740959463998,1.1828141499472018
2015-01-01,29.56621004616335,4.613761333896093,98.32633206906942,742.6222620624226,1.1976805482340536
2015-02-01,29.40615338133818,4.664689035312131,95.25145797170836,737.2755465010813,1.170218363588529
2015-03-01,29.33868332069016,4.612573465637015,99.96735343412253,743.435627209835,1.1611388087116243
2015-04-01,29.241169505489303,4.617610937663907,94.37311315750742,702.4769149434006,1.109352894943673
2015-05-01,29.26891993520116,4.590581115456671,98.11887170253799,763.2469254128766,1.1033743133664662
