date,VIS@KAU.M,VISUS@KAU.M,VISUSW@KAU.M,VISUSE@KAU.M,VISJP@KAU.M,VISRES@KAU.M,VLOS@KAU.M,VDAY@KAU.M,PRM@KAU.M,OCUP%@KAU.M,RMRV@KAU.M,VEXP@KAU.M
1989-01-01,,,,,,,,,89.57775515684946,73.94505741257034,,
1989-02-01,,,,,,,,,89.75779225947451,72.7196122019279,,
1989-03-01,,,,,,,,,88.8993938085658,73.21433360802975,,
1989-04-01,,,,,,,,,93.16797912562618,70.16263340244548,,
1989-05-01,,,,,,,,,92.07224756078644,67.63194306163967,,
1989-06-01,,,,,,,,,91.29009776837023,70.62794139921965,,
1989-07-01,,,,,,,,,95.27707166858622,72.36689319453501,,
1989-08-01,,,,,,,,,94.39564568978204,72.06540782843722,,
1989-09-01,,,,,,,,,92.19184893749558,70.68860662054875,,
1989-10-01,,,,,,,,,91.7443625230149,68.67077309222523,,
1989-11-01,,,,,,,,,92.34080584893337,69.04418184357085,,
1989-12-01,,,,,,,,,94.8749996525153,71.96261633485014,,
1990-01-01,103.45896492716683,83.4559429178624,,,,,,,95.73312398718193,69.2191251043366,,
1990-02-01,100.63868014485826,81.6738070657727,,,,,,,92.96270794491377,69.47183071861278,,
1990-03-01,100.23589436536606,83.0339352760694,,,,,,,91.34956854793266,69.57254293862519,,
1990-04-01,104.33913816374223,88.77166880910184,,,,,,,91.12566732288292,69.75571454582087,,
1990-05-01,101.80570256261748,84.25445449136546,,,,,,,89.83223067848354,68.44963924499409,,
1990-06-01,103.63346799116358,83.85561510922723,,,,,,,91.06144093548134,66.08474722408532,,
1990-07-01,105.80973552345563,86.38487312913671,,,,,,,91.18015525644762,68.08195750744521,,
1990-08-01,105.82061219968045,84.01258183628163,,,,,,,91.11500950324213,66.9789403016618,,
1990-09-01,97.83492478438237,79.51435609554945,,,,,,,91.0031806854813,65.87326290390153,,
1990-10-01,102.16768234876244,80.00617481650123,,,,,,,92.57027316313567,66.1410817523627,,
1990-11-01,102.13958789163341,79.30357443264268,,,,,,,93.63423638769518,65.39036153566673,,
1990-12-01,100.96515242986875,77.7566160204894,,,,,,,92.75240558712186,62.08079622248724,,
1991-01-01,96.3106004832441,77.00206440419142,,,11.477101742008191,7.831434337044496,,,94.97645683198306,60.96916565606329,,
1991-02-01,82.18536495508428,68.74208283775415,,,5.531887964332519,7.9113941529976195,,,90.61268110046112,50.04253428044613,,
1991-03-01,91.53702041067419,75.32981260449878,,,5.331049284133018,10.876158522042383,,,91.90578646186782,53.41023510836758,,
1991-04-01,102.17479550240144,84.85574358465567,,,7.442611134578171,9.876440783167597,,,92.66253757998892,61.57390734831316,,
1991-05-01,100.98099943209772,81.7836578299166,,,7.871252406272537,11.326089195908587,,,93.65701131386672,61.69232632945408,,
1991-06-01,102.48395673318123,82.41562674913179,,,8.509657487068093,11.558672496981345,,,94.55787392708612,65.71246633441432,,
1991-07-01,106.35860310018234,86.80340845307097,,,11.733022149399496,7.822172497711881,,,99.46269343062282,66.4132927893641,,
1991-08-01,106.66807917098697,89.2956686827575,,,10.421619430898112,6.950791057331371,,,96.62106657446517,65.52391443999333,,
1991-09-01,103.07359202953555,83.76510754875186,,,10.282814715028547,9.025669765755136,,,96.39437953535045,65.73208981383732,,
1991-10-01,97.89460429985508,78.49930307127002,,,9.188666394784457,10.20663483380059,,,98.20109805582,61.60020278635065,,
1991-11-01,93.0459445600825,72.27058892896811,,,10.06375068490715,10.711604946207242,,,99.14964634971278,62.341779262145174,,
1991-12-01,99.61277001114284,80.18263530503312,,,9.296566606589726,10.133568099520009,,,102.58876883877488,64.28808585125088,,
1992-01-01,91.05307031099905,67.98714090396244,,,9.30377272757432,13.762156679462278,5.507549530589998,501.47929465012083,104.32217440233727,62.638596312291874,,
1992-02-01,90.74398308950427,66.74913740379779,,,9.747683802021434,14.247161883685036,5.1720760768850065,469.3347840584826,104.59198436518072,61.929007394873715,,
1992-03-01,89.88543658839191,67.31263133808754,,,8.56643737028105,14.006367880023317,4.61383223330123,414.7163246358764,101.4127649219055,60.12974095036478,,
1992-04-01,86.3701096600592,64.85015614861756,,,8.477166524801698,13.042786986639939,4.537288991714107,391.88614777372686,95.72179860921014,63.288788395723756,,
1992-05-01,81.23438271686645,59.93530599314796,,,9.349505781536312,11.949570942182177,4.4495614382897415,361.4573768002396,91.91149386077468,65.44236878685622,,
1992-06-01,76.94503377661658,57.533693026201526,,,8.6535733647194,10.757767385695658,4.382977074680472,337.24831905342506,90.66768931646,65.38661311971167,,
1992-07-01,68.98231819344149,51.25669423676742,,,8.342884944775037,9.38273901189903,7.0792663848946304,488.34420633893563,86.65182845169485,67.46288500336749,,
1992-08-01,63.89104666770292,46.67486461087164,,,8.887829746028864,8.328352310802424,7.201794449635995,460.1301852728972,83.06382183582932,69.47641622244318,,
1992-09-01,65.62855479639464,48.334469715616244,,,9.5795212542256,7.714563826552793,7.017220813994037,460.5300607096086,79.11014731536474,78.46263749544376,,
1992-10-01,60.352605452963715,43.591496493553734,,,9.88164902250642,6.879459936903557,6.952395298404647,419.5951703976556,73.57020757485662,80.07438148799919,,
1992-11-01,55.6631846070172,40.15757707830811,,,9.293947724878914,6.211659803830183,6.974788254799675,388.23892622176965,71.7447538286309,81.46449030233465,,
1992-12-01,50.980616977758565,36.26123305106793,,,9.536027736650967,5.183356190039666,6.857205401020852,349.58456208726136,67.40133551775519,79.7440745285897,,
1993-01-01,45.317136030848886,31.832089323032633,,,8.031331844658306,5.453714863157946,5.430751314994199,246.10609609130356,58.11311557801698,77.7680035566301,,
1993-02-01,39.000203454971285,27.3256879634152,,,7.854264226797878,3.8202512647582036,5.461949763046585,213.017152019649,56.79679592188791,73.71393805642239,,
1993-03-01,38.1050451322335,26.26836369762043,,,8.087066258228248,3.74961517638482,5.277606442104182,201.10343166654613,57.67306702101686,76.3314379979262,,
1993-04-01,38.88542715361111,25.857270294159196,,,7.930926914923442,5.097229944528474,5.094171882631729,198.08904965005007,60.45707819631149,76.18150662072456,,
1993-05-01,43.2339571925442,29.074544441058233,,,7.416257917112234,6.743154834373733,5.001482831834773,216.23389465078932,62.53502017768289,75.2639315602646,,
1993-06-01,43.47829489328676,28.659877914510048,,,6.834793907609813,7.983623071166899,5.030370018912833,218.71191110464062,62.49215152127219,71.93111712582028,,
1993-07-01,47.37010799328972,31.09928309084936,,,6.315006212600003,9.955818689840353,4.987012271755296,236.23530987690947,65.14007148849613,69.51931713871193,,
1993-08-01,50.011618194763784,32.560047114337934,,,6.721014668655938,10.730556411769907,5.083006081887241,254.2093594490069,67.58554261083556,70.64042205420665,,
1993-09-01,53.979916293988225,36.193030996174,,,6.172577923425075,11.614307374389153,5.067867493168375,273.56306307025284,70.71937033911172,67.52004674317618,,
1993-10-01,58.49104270548111,39.82652220664086,,,6.669227238592267,11.995293260247978,5.149449536760563,301.19667276438196,73.45218816124488,69.7012905748959,,
1993-11-01,58.28008497440018,40.71948293088582,,,6.393746340918681,11.166855702595685,5.23500692292185,305.09664830945866,76.53926235906762,69.25996228342814,,
1993-12-01,60.212865949861346,41.881600027316246,,,6.293786546478122,12.037479376066974,5.178544226854385,311.8149893470114,78.2663366250556,72.9690262877931,,
1994-01-01,66.29442920833301,50.82297947942566,,,5.075135893147046,10.396313835760315,5.1726552215097605,342.9182254014929,86.10430479780108,72.10393543351854,,
1994-02-01,70.29949321824657,50.75651948392698,,,6.461184499898092,13.081789234421496,5.515095434025931,387.70841406228857,92.05622022819706,77.93311201925943,,
1994-03-01,71.84453539203055,51.69418349778404,,,6.734877423332517,13.415474470913992,5.595783482960682,402.0264644877087,97.42874357822645,81.99003764999088,,
1994-04-01,72.69157827021851,54.356177457439394,,,6.474256088320957,11.861144724458162,5.449427296317564,396.1274708381335,101.90116710674005,77.69820293847079,,
1994-05-01,69.78510763745358,51.50325355862553,,,6.969673382358191,11.312180696469865,5.57484447741403,389.0411219184017,107.21096649900959,77.38662759234765,,
1994-06-01,70.69280978650033,52.31223900264191,,,7.503001808070128,10.877568975788295,5.636723380620481,398.47581376532275,107.94954155803616,77.9918308239068,,
1994-07-01,71.40743976305633,53.46803242952184,,,7.893758873696793,10.045648459837693,5.670580671935666,404.9216477527976,111.80866302557126,76.47101395810742,,
1994-08-01,72.99418623959446,55.52732941910993,,,8.739414752037362,8.727442068447168,5.746296069664033,419.44620549690603,117.43115933860314,76.59412632695441,,
1994-09-01,70.94266321540967,53.22053838177774,,,9.075501959093005,8.646622874538926,5.768382186505788,409.22439475504854,120.8597661257433,75.81418318705573,,
1994-10-01,72.75677945643798,55.477698906128076,,,8.151045017645721,9.128035532664187,5.676533917329443,413.0063263001282,122.11574872058878,72.8573472015616,,
1994-11-01,75.55173298629268,57.853622718973384,,,8.71505952806624,8.983050739253066,5.791494983045475,437.55748255050537,122.10317145353571,73.1297033820576,,
1994-12-01,75.45799578220836,58.45362566464544,,,8.327090774333954,8.677279343228955,5.7015174099377,430.2250766712665,122.20054756794738,71.92987948676884,,
1995-01-01,73.21772001717399,56.3977945068399,,,8.67453133467012,8.14539417566397,5.677683939156249,415.70707300314774,122.24700756796385,67.35134594120775,,
1995-02-01,73.85094561817426,58.289359783372255,,,7.265874104733478,8.295711730068533,5.547421576280958,409.6823291510116,121.34787629908399,64.62558310031301,,
1995-03-01,75.39757856192873,57.865139984044646,,,8.63815751680477,8.894281061079317,5.635641845033631,424.91374875781617,123.83319074245402,64.88816125455477,,
1995-04-01,73.96715356959423,55.14999045210914,,,8.48576580394911,10.331397313535982,5.702400387188998,421.79032515452224,125.2963426874353,61.87342012517709,,
1995-05-01,75.92375173377431,55.96841870685963,,,9.170865688987673,10.784467337927019,5.708106847506007,433.3808871599032,130.18668470882386,62.084262731386865,,
1995-06-01,77.22857555872226,56.2667101910556,,,9.025333008631588,11.936532359035072,5.628377603271469,434.6715850072707,127.49789056811312,63.24319692366131,,
1995-07-01,79.2797693724649,57.70603077687711,,,8.651837939335858,12.921900656251937,5.613278817799713,445.0194500985036,127.27144424844246,63.80798021029552,,
1995-08-01,79.99139590438612,58.590355014515836,,,7.473392725637302,13.927648164232991,5.594934348705549,447.5466085463543,122.650246986522,63.181199206623546,,
1995-09-01,78.86944296732226,58.42845572598643,,,7.082972766241704,13.358014475094123,5.551226384966814,437.82213276783466,123.28996611015377,63.946405100453354,,
1995-10-01,79.62051995842987,60.12461280048564,,,7.336348418486459,12.159558739457761,5.648552323061429,449.74067297454786,126.43107135626528,64.46041195646649,,
1995-11-01,80.63047755268317,59.664007427107435,,,6.787804172406578,14.178665953169153,5.5510166111785315,447.581120262202,125.65901309162817,65.30643317185934,,
1995-12-01,81.17274964360405,58.02402463074607,,,6.9271165201153835,16.22160849274261,5.496215011512045,446.14288511688557,124.17926563311408,65.2316002780007,,
1996-01-01,78.89905458195832,60.12172936462936,,,7.147009342065731,11.630315875263243,5.545444190585766,437.53030387423,122.41594926017669,66.49090479739485,,
1996-02-01,83.61365120901907,63.33867535153095,,,7.027408508811509,13.247567348676606,5.443247278953703,455.12977942687706,124.47046944174889,68.14577239695576,,
1996-03-01,79.11986351891815,59.82802552606178,,,7.636723760475556,11.655114232380805,5.644145440897417,446.5640169647278,123.43280161960499,66.1782339261031,,
1996-04-01,80.08828892111342,60.445975376162465,,,7.902527661129685,11.739785883821272,5.635286417278485,451.32044674022546,122.58895084511607,66.09093461799682,,
1996-05-01,83.61132252345055,63.27441918897783,,,8.059434840336493,12.277468494136224,5.518531253877136,461.4116965236632,123.61567284248686,65.39720439046091,,
1996-06-01,85.09001948769686,63.276042819730215,,,8.878356887165465,12.935619780801193,5.517417141216603,469.47713206787347,125.21931116730501,68.08745531879131,,
1996-07-01,81.23791835978953,61.08302893966643,,,9.344775576625677,10.810113843497438,5.6062067310848915,455.436564727977,125.09486960671163,65.63949696199084,,
1996-08-01,81.63315268923357,61.66332160987429,,,9.158900520526302,10.810930558832979,5.6451018816010645,460.82746384701943,125.93724362488646,64.85144871155282,,
1996-09-01,82.1050598060503,61.97500280443884,,,8.857768964674301,11.272288036937171,5.719571798541509,469.6057845842493,128.77292968845677,63.581272717791755,,
1996-10-01,77.2053622987075,55.059599910882895,,,9.53154806104566,12.614214326778953,5.937295386685552,458.39104140350264,129.2756723839688,63.35532267391569,,
1996-11-01,81.09896772306567,59.45417471315333,,,8.850258655679518,12.794534354232823,5.688317063756677,461.31664195216644,129.52973820833896,62.49914498708009,,
1996-12-01,81.73368413944034,60.48550439489166,,,9.305287221464114,11.942892523084568,5.557152973951311,454.206585887488,132.45639131119913,63.78280849996626,,
1997-01-01,82.17470263032395,59.89398125350964,,,7.9584347902289085,14.322286586585403,5.565019237689697,457.3038009891829,134.19751595734664,64.86499439524357,,
1997-02-01,82.48300592508241,59.325419742523444,,,8.023267841886453,15.134318340672511,5.796348703658676,478.10026446772235,134.85386025881388,66.20854023232927,,
1997-03-01,83.36668457749656,60.01599590924038,,,7.919568445164014,15.431120223092165,5.9574573040140315,496.6534639476408,134.2752305464282,67.45430992392144,,
1997-04-01,86.32673291740727,64.00077357600462,,,8.13008085339468,14.19587848800797,6.065966474724734,523.6550677495086,136.04344109968338,69.54347150392579,,
1997-05-01,79.62680737824081,58.223388187400154,,,8.248123134924947,13.155296055915715,6.210984021550186,494.56082831330815,134.96917268673377,67.33521819586149,,
1997-06-01,81.17981646967593,59.94116201491321,,,7.548547406822509,13.690107047940208,5.940655207658662,482.2612994673547,136.08831571878423,66.01079982502526,,
1997-07-01,80.92302272412347,58.983355250167804,,,7.4874990959000876,14.452168378055578,6.024393070624703,487.51209735321487,135.59024088574344,66.29562281258009,,
1997-08-01,82.68069708274824,60.74327570080997,,,7.3052408278928755,14.632180554045394,5.971195088043105,493.70257229648615,135.64398839807907,66.61873998404486,,
1997-09-01,84.9952982652306,62.17242263000124,,,8.518394641532954,14.304480993696398,6.237163784287814,530.1295961746372,135.0802517742285,67.92376183947364,,
1997-10-01,84.39953954475457,62.27192223679144,,,8.651548329617457,13.476068978345683,6.027580402000543,508.7250104978325,132.1164086409167,67.01557806695295,,
1997-11-01,84.52979301308548,63.25437792773317,,,9.086226812632717,12.189188272719601,5.961188588580972,503.89803750471674,132.82218643260765,67.75249868968912,,
1997-12-01,84.40061850026872,63.617425570905176,,,9.453067820002389,11.330125109361159,5.691937343289325,480.40303223839544,134.96938760063466,66.67646453095244,,
1998-01-01,87.51401256296654,63.190929682827566,,,9.90348873362315,14.419594146515841,6.317112694131379,552.8358796758889,133.80041297290003,66.40734158246977,91.52917271456819,
1998-02-01,86.04927194342199,62.240329750218926,,,10.047419646154948,13.761522547048122,6.0181047306604665,517.8535305525968,135.13922554038487,65.08129183620744,90.71753539403268,
1998-03-01,87.92365567905722,63.87941585738917,,,9.61276014848563,14.431479673182428,5.804179114307527,510.32464594595035,136.78346683759244,64.6921951884322,91.08736312184017,
1998-04-01,93.94686736033437,69.91470033316381,,,9.302198923025255,14.729968104145296,5.586264959890701,524.8120932265352,135.79334189876226,66.46937537165326,92.3052142678512,
1998-05-01,91.19117562523063,66.30575322127773,,,8.764469399120705,16.1209530048322,5.602669462659498,510.9140149394988,135.61879493411945,65.57656970796984,92.5700618058835,
1998-06-01,89.86691062090966,66.61681290121241,,,8.55926840033859,14.690829319358652,5.7262171571995095,514.5974454619677,136.2299847082953,64.74576048619525,91.66887443643938,
1998-07-01,89.43029237403738,65.49587232980535,,,9.584448402840424,14.349971641391612,5.753420440269785,514.5300721240898,136.52399400789136,64.92983187304173,85.01367075577366,
1998-08-01,88.75323227251528,65.6271596562956,,,9.282867275173308,13.843205341046364,5.780298655272637,513.0201891559201,139.4690274556495,64.57333046182902,87.40042722629914,
1998-09-01,91.2905749801115,67.86946565246492,,,10.088482036053835,13.332627291592736,5.682812130534778,518.7871869004723,139.81697079886726,65.72835745177798,89.43585602668755,
1998-10-01,89.90063090541771,67.22587607620365,,,9.255155599623576,13.419599229590494,5.630962902583098,506.22711754722275,141.04516497078848,67.51111101958863,91.3527246248842,
1998-11-01,90.779313348474,67.08600853814129,,,9.107241002081121,14.586063808251597,5.811141331269666,527.5314198235974,142.25122700799665,66.00929119669837,91.65559071482787,
1998-12-01,91.75364415020718,69.29427600099959,,,8.522200433479444,13.937167715728147,6.193997469091011,568.3218396462605,145.49838886675235,67.0755438241366,93.74605891091215,
1999-01-01,91.99212101284732,71.62358796041599,,,8.076488472065753,12.292044580365578,6.233885896772354,573.4683857961646,140.7572640604568,68.66294560420098,98.06137648247574,
1999-02-01,92.69358872322296,71.87846621142097,,,8.12006213264476,12.695060379157228,5.785076697753387,536.2395201538533,141.63071895131236,69.95488328465045,99.22236876489232,
1999-03-01,90.21834106695945,69.60228728257647,,,7.738038943672305,12.878014840710673,5.724678011143375,516.4709533078561,142.3502753189028,69.61502132322141,98.50665139557387,
1999-04-01,91.34834800545723,71.09119985799883,,,7.861295197072605,12.395852950385793,5.590990573172203,510.72775257336514,142.77656241306238,69.90419526535857,98.44841428820956,
1999-05-01,89.58873333350022,70.16634307636738,,,7.659341422412085,11.763048834720747,5.72133100622897,512.5667978297337,143.907924950609,68.80221663097119,97.76840338817343,
1999-06-01,89.52600101586424,69.71959338601772,,,7.637383164851303,12.169024464995225,5.807961588068237,519.9635750334975,143.54413408129815,68.82669839044398,98.0514844116121,
1999-07-01,90.94309254111003,70.62007779515207,,,7.832010869267404,12.491003876690558,5.85648520763384,532.6068762034863,144.04384774219454,70.32517126102414,100.97254339906033,
1999-08-01,89.57191148211126,69.11422492261532,,,7.887854867605675,12.569831691890272,5.871901867563205,525.9574743130152,144.3868273490278,70.3617212177989,101.91963759021814,
1999-09-01,90.34653443041155,69.20899934914003,,,7.8363262297924265,13.301208851479107,5.906574644024962,533.6385494421971,145.8964787231235,72.88510993279769,106.46298300309675,
1999-10-01,93.54658534430925,71.89885942779989,,,7.266559802227015,14.381166114282342,5.979341700028633,559.3469986445157,148.65898615438937,73.87201520694155,108.81431884059567,
1999-11-01,91.65431752837789,70.59522600913438,,,8.092454493728578,12.966637025514931,5.949610655428051,545.3075041828231,146.77823452687215,73.61234750121594,108.26633364044918,
1999-12-01,87.85903004030445,69.90693472136076,,,6.562184404660111,11.38991091428357,6.082249363262378,534.3805295194919,154.46874572875103,67.37767438137519,102.37548479564278,
2000-01-01,84.74812120809925,65.40069370582854,33.76833627243934,29.685936195240934,8.828355350449119,10.51907215182159,6.268596427212545,531.2517698180667,149.85468953899738,68.3860352574128,103.0038896773917,
2000-02-01,91.4901509462879,71.21631898471713,37.90853797579368,33.36537373109253,9.64823105518309,10.62560090638768,6.2331792164638395,570.2745073895412,148.6001329776531,74.51660665695334,109.05695319678979,
2000-03-01,93.40459163876463,72.98874486701632,38.183629691488086,32.40551202036793,10.102105302157776,10.313741469590521,6.060153606876914,566.0461729185247,149.55056108606516,76.79772361511642,113.36838700209707,
2000-04-01,91.34584415844918,70.53755731430152,36.77725226178443,31.785222384728502,10.599619168983889,10.208667675163765,6.181161639788654,564.6234278663186,148.19772932533917,75.96715030206241,111.26393169711983,
2000-05-01,91.29416972304209,70.9678560878215,37.454031257491486,32.03328888217138,10.885524780721855,9.440788854498738,6.071124860556462,554.2583034294219,149.7756213488885,76.39417194524944,113.72448306605675,
2000-06-01,91.30641668718917,70.76057874920915,37.95558141670807,31.961415308561275,11.091042011519345,9.454795926460674,6.069086446190826,554.1465359664717,146.42185677006623,78.4458687127102,113.92581676424561,
2000-07-01,90.10256710225633,70.62456049930792,37.69530541607344,34.03498895833392,10.471197325120356,9.006809277828049,6.098855563534024,549.5225426602938,147.62301746773818,75.7586680340574,111.9280083372565,
2000-08-01,85.68612331328292,66.19488448141692,36.55832807915439,30.604774633958026,10.914147952520041,8.577090879345963,6.256743468576313,536.1160923880075,146.51714493158113,71.99297098419002,106.1002191231442,
2000-09-01,90.06520954512257,69.63824622304638,37.72427067826711,34.26443006888992,10.38775692867597,10.039206393400224,6.147633110240539,553.6878642803478,147.41064982031128,73.91198662047884,109.747182196803,
2000-10-01,89.40370690176684,68.69850030605521,37.04840331448662,32.82957607276721,11.059863198707163,9.645343397004472,6.187150926379163,553.1542279789978,147.21680440621202,75.0131826585851,110.39333643739128,
2000-11-01,87.92584267385968,68.25290297018825,36.78163715331628,33.02422769398692,10.901483474263024,8.771456229408416,6.207201310072552,545.7734058344149,151.1416407170241,76.11389292568963,116.2047492071432,
2000-12-01,88.04869113327078,67.66915581109119,37.27468648299701,31.825254049901556,11.30067345169839,9.078861870481198,6.152404476401109,541.7111614695938,149.5001516101237,72.30174228749415,108.34028329456126,
2001-01-01,90.26829645028879,68.91888840066784,36.993161158384396,31.89942798283707,11.558462109560313,9.790945940060642,6.070016256234404,547.9300268758393,148.70807218050172,74.8757594793427,111.99487301946094,
2001-02-01,89.09675967064226,68.48500442110033,36.38874542282645,31.254072349619047,11.433212558362788,9.17854269117914,5.939616638269676,529.2005961556614,151.61856689023114,75.16091614764943,112.4711039325123,
2001-03-01,90.74367731294761,70.52647694605174,39.129979685511806,32.210001225950364,11.372608442372405,8.844591924523458,6.039461562367376,548.0429511594156,149.65258677640176,73.91073146130317,111.14651490510872,
2001-04-01,89.84038391251806,69.08310725741987,38.14594135956748,31.00153003399264,11.848142405849,8.909134249249194,6.012054955522304,540.1253253072805,152.86895157744087,73.21760386264091,111.46863059157788,
2001-05-01,88.14183929116881,68.1230740107694,37.05466319014248,31.387464840402124,11.518973457278431,8.49979182312097,5.948502451783644,524.3119471282375,152.5140368479452,73.85276895958054,112.9212842589192,
2001-06-01,88.42440643819218,67.72215935192658,36.65827849602016,32.28532154125898,12.077785238020072,8.624461848245533,6.018214594248257,532.1570533140678,151.71885557531635,73.95957095462889,112.80865439346934,
2001-07-01,88.6520717599787,67.63859672911663,36.647206711991444,31.7752486157337,12.199667073664916,8.813807957197156,5.949206063656487,527.4094428701753,151.97798151721983,74.12560974037302,114.56709158536161,
2001-08-01,89.23016246449819,69.0228447135863,38.17513481244512,31.574754852508566,12.158319360837972,8.048998390073928,6.115636973887746,545.6992807538957,154.19282963776365,74.56747190154361,116.98679251722515,
2001-09-01,68.93850406764125,55.284881168895836,29.723857351860296,22.75869795392235,6.397294214246205,7.2563286844992065,6.391874846156096,440.6462900815858,147.78009437791508,60.60721882868908,90.15251388953051,
2001-10-01,71.02908283975252,59.47237078454203,32.47578160076591,26.634038600621547,5.42990902108948,6.126803034121007,6.260600907877845,444.6847405122853,149.5438145092158,60.90190785137103,91.62528154899371,
2001-11-01,74.91281611281174,63.305081060665955,34.93950590886543,27.68137460752492,4.470046309534145,7.1376887426116475,6.5190410731456145,488.3597251444243,148.48944655996766,64.02579359592778,95.19429260672197,
2001-12-01,79.41978475558697,64.81251515525774,36.822744301619025,28.778067395628764,6.955579809184277,7.651689791144961,6.137403975560921,487.43130269713214,149.73476355008086,66.79464721694993,98.45296675111904,
2002-01-01,79.35826742025438,63.87433123921331,35.687649879158435,28.01674254279327,7.456842468548051,8.027093712493015,6.188988670901269,491.14741800630765,148.34955817356604,66.2723937615917,98.84703517809382,
2002-02-01,85.20655525546691,69.18884327806929,37.780791410657166,30.623067417368915,7.7706528700522925,8.247059107345333,6.14885015081637,523.9223401331211,151.2038413741843,69.71490296121445,105.10761645188883,
2002-03-01,82.82566428733276,65.96635652027167,37.12696992066453,29.339619909904965,8.388793961559344,8.470513805501731,6.149455831037591,509.3327642113004,152.81848476985985,70.45481068985704,106.20189551510548,
2002-04-01,81.1255748835436,64.30495204633662,36.60305222031524,28.127219192013243,8.133462177363038,8.687160659843947,6.495691142388842,526.9666781922369,157.99911155013294,70.6233524518536,110.84475006419218,
2002-05-01,85.28471429831816,67.16357727687011,37.197336800056526,30.08643223217142,8.592384122454803,9.52875289899325,6.282370496096569,535.7901728757793,154.37677140839355,72.04864295790783,110.88587002084577,
2002-06-01,88.5972410584449,70.56572616574653,40.118915307602755,30.449638569112246,8.502676590331165,9.528838302367202,6.064233023699781,537.2743150353116,156.84203936049028,71.66218385556091,112.31076095538484,
2002-07-01,83.94942414419393,65.6839070390808,38.08538133081524,28.09471973813888,7.863202229631126,10.402314875481999,6.125327708295532,514.217733805885,158.9331477635198,68.99247621906524,110.61156581548215,
2002-08-01,84.47623866052747,66.09491212767259,38.25024358679119,29.15199823590288,7.964820948065028,10.41650558478986,6.068887248101346,512.6767675744411,162.4897728982312,71.49662712620326,117.17416303206585,
2002-09-01,82.80251290812069,65.04471269077355,35.14228507482778,28.325606898889664,7.369626421592248,10.388173795754899,6.577396932363936,544.6249943938982,161.43694548239964,66.54570083095182,107.60974665658296,
2002-10-01,84.21827594088123,66.41664815675888,37.8390860870799,28.293825457608886,7.580061707560609,10.221566076561736,6.453197488628204,543.4771667982918,163.19116161796958,70.55147575761772,114.77370757973156,
2002-11-01,83.91822463677204,65.81273764505458,36.66359209159619,29.28600900210335,7.129896026638867,10.975590965078602,6.590094309925598,553.0290146778495,161.56823771811045,71.21509532652072,114.4978405558143,
2002-12-01,84.1345945646679,65.28229581415208,36.91269629043505,28.196120803992216,8.433580476203428,10.418718274312399,6.448843844829419,542.5708622955773,163.72092788314202,72.9223380616556,118.3950481748123,
2003-01-01,83.61241178309606,67.9190993217027,38.87861712036124,29.073066659772913,5.85567955345724,9.83763290793613,6.373571856908609,532.9097146289948,167.7548640500496,73.10330053795204,121.56370291763561,82.54844801874185
2003-02-01,80.7338475016768,65.73633579395329,36.968478073082515,27.448615495078116,5.5986671074606225,9.398844600262894,6.525733870595324,526.84760314517,166.73288036944066,71.8311244881518,118.79299787748154,83.3658181660253
2003-03-01,80.079403842026,66.15367154875088,38.130182217562535,28.799718839024735,4.424362480730244,9.501369812544882,6.594403210143214,528.075877762211,169.2623293720343,71.4175904293585,121.04960444714935,80.93422515982002
2003-04-01,80.6023720896947,68.86363680706188,39.368161018955526,29.972413732126316,3.295278949055547,8.443456333577274,6.929692520023661,558.5496549661212,170.04934679206744,71.94194722553512,120.46105891960718,79.67574059857179
2003-05-01,79.3990564611596,67.40964424413723,39.116594375300494,29.188895955752063,3.2110272217148244,8.778384995307555,6.950396829505784,551.8549502933944,169.22734011439314,71.27828865818171,120.41367771966756,81.28051522750492
2003-06-01,80.58112405853379,68.75409526148273,40.373646300866056,28.35240539527745,3.2925084667343305,8.534520330316719,6.834736884700196,550.7507808134633,169.41474404986187,71.292772764072,121.33006023931233,80.03341927234138
2003-07-01,82.25691281736202,70.4717149241644,40.79203623716062,29.77516354174661,3.4340591720288214,8.351138721168791,6.863737713702067,564.5898747172306,167.34685888559872,75.29392263039556,126.28560674916963,81.24979147070829
2003-08-01,84.0120154860626,71.2345528781869,40.44848938009205,31.438786456942967,3.908350712837664,8.86911189503803,7.049800294871936,592.2679315464297,168.08020638333733,79.64732071677373,134.83163826485108,91.39795880338131
2003-09-01,80.31848620776071,67.21373667060308,37.25581564856147,28.73298678831934,4.295280731225594,8.809468805932047,6.821450082661224,547.8885443811537,172.02778283002579,75.42183134899275,129.6413090236153,83.65749761551412
2003-10-01,80.48525698830164,67.17611550988892,39.09342108483287,27.693232241559738,4.5131560126631864,8.795985465749542,6.891942668481588,554.699776821382,170.7310428933021,76.74919349583605,130.4733035382426,86.3998233955256
2003-11-01,81.14253680909653,67.5059297924657,39.29549325707941,27.973967449722196,4.764821246778838,8.871785769852002,6.863260660281856,556.9023807573446,170.54872845281213,77.32852721028596,132.03671075729892,87.68299712678046
2003-12-01,82.6435607492309,68.98974424760226,38.297616286145235,30.96047344467752,5.102592345313087,8.55122415631556,6.853739214913663,566.4174131671034,171.34387580707684,80.7941804944647,138.92032954596866,90.97674291857065
2004-01-01,81.8811793968241,68.3484143531854,39.281307986664096,29.642045820674213,4.577123010396992,8.955642033241698,7.0133696232692015,574.2629762991421,171.06265896774798,78.61503069089753,134.81274304983862,89.08643873703116
2004-02-01,83.97262991592689,69.64288810431061,41.23633206831205,29.210667006256667,4.966878275737258,9.362863535879013,7.014189164260233,588.9999108507291,171.81755947099973,78.05303298230524,133.19898234792,88.43980701227028
2004-03-01,83.43369649514655,70.11058292287059,39.64885955019609,29.711062881066145,4.698380661560784,8.624732910715167,6.868849156487107,573.0934757932887,175.26422978702405,78.865739571038,138.77337912796898,85.16113878206806
2004-04-01,84.92841552190048,70.92210642649023,41.20921260580333,30.480674648128623,4.983028875517619,9.023280219892632,6.9929859091107565,593.9032130277533,176.95006572239717,79.38431169448761,140.1390438230731,88.88762622759961
2004-05-01,85.77563456103526,71.67828927464018,41.039638198637924,30.777385423137172,4.895109796758609,9.20223548963648,6.959015847025774,596.914000198936,177.00784245023894,78.44229209776258,139.75340323706791,91.49990409252796
2004-06-01,85.15990149247514,70.77386570044484,39.87461136491835,30.398584750135914,4.912177860842545,9.473857931187755,6.797381009247001,578.8642971542959,178.4200332217842,79.84472193126032,142.73265605484698,92.85692831868059
2004-07-01,86.67930349802472,72.58263581799012,40.007455451995064,32.862662532290614,4.909090348593553,9.187577331441048,6.836094994389729,592.547952760035,179.2487085116056,79.9787623085363,142.3175812292865,93.82371144444863
2004-08-01,84.16350803182338,70.60398680853206,40.57108118116801,29.50984599383084,4.533613222035441,9.025908001255889,6.897307635858929,580.5016066085697,177.96667773037078,78.0765687702787,139.879862676075,90.74753680445448
2004-09-01,86.23577547108896,72.45616588943223,41.68931558962343,30.270812349564537,4.268567848061459,9.51104173359526,6.873628529138707,592.752686510477,177.4995496351632,77.13555150940692,137.2872893728939,92.019950824368
2004-10-01,86.68702380242394,72.39226489639525,40.74579503698715,31.685420608694724,4.335784000309533,9.95897490571916,6.776245590775335,587.4125628186117,178.61814119993292,78.56589125312708,139.46739681345136,94.57455350274488
2004-11-01,84.74860209147926,71.4076307792699,41.12506737769967,29.82891551991256,3.9440118176074153,9.396959494601937,6.748411520268759,571.9184426808116,179.0683143137858,76.35924970840911,136.54667391672731,90.86468214478889
2004-12-01,87.2556392452881,74.44028602643861,42.23896258799476,32.31340046630799,3.880657282578805,8.934695936270668,6.648652675232988,580.1324392973492,178.84621898894983,74.77884748249072,134.61098835085025,89.92038537052584
2005-01-01,86.29133812995556,73.47702162507342,42.039041847283826,32.17188514352385,3.97666691138399,8.837649593498151,6.808558619755731,587.5196340349653,174.12221617206623,78.21377240297343,136.91643911500682,88.87019573185108
2005-02-01,87.61259663280129,74.85734100266102,41.56408325874721,32.44086350020946,3.796941768267297,8.95831386187297,6.612825602943518,579.3668221537514,178.5518277879697,76.2190790336591,135.32781008630522,88.90966727213679
2005-03-01,90.61176558519593,77.63708970676957,42.80009419796255,33.412022371502744,3.730305588715048,9.24437028971131,6.57629426608341,595.8896344576181,178.08990654009392,77.95827735661082,136.58675519138274,92.83405856953512
2005-04-01,84.21162879427763,70.8688113800214,41.63669913799397,30.88518080726159,3.6607271149767113,9.68209029927952,6.775581639036283,570.5827658518467,174.47116436524988,75.1658991236923,133.70228980227773,91.95848619445418
2005-05-01,88.57788020127683,75.1566202939561,42.766656116122604,31.780050035605047,3.8660013636610278,9.555258543659697,6.455917288151465,571.8514681392325,176.8339054558539,77.33216041044781,137.58660809208817,94.528574656473
2005-06-01,90.21514998743051,76.66282756892356,43.71634545537125,32.64150321947567,3.803730992933096,9.748591425573853,6.591134888235981,594.620222529595,178.2157955554903,76.95065509616441,136.9021234277552,93.11780417103114
2005-07-01,96.03860856307593,82.03309017954068,45.72358848463049,34.38611234444045,3.5831193839571225,10.42239899957812,6.574129406712096,631.3702407342296,181.136804786923,76.79974079849804,137.43026878130567,101.17762501680953
2005-08-01,93.37484676644458,79.94848996631391,44.66582356586036,34.75470011344869,3.2873568804518203,10.138999919678835,6.6288298614548395,618.9659725541777,181.9832148861705,75.35908264625925,137.20528332046385,96.13505631143197
2005-09-01,92.93453597283278,79.1526357258265,46.16260523021678,33.690055608649345,3.5690826002845597,10.212817646721719,6.462944574673058,600.6307550653777,182.85134540476287,75.73403423768268,138.65481532561265,99.78419130939066
2005-10-01,94.11081145199361,79.21907296514509,46.3313088939996,33.96251745045647,3.517814451627628,11.37392403522089,6.512905291876761,612.9348019285053,182.22681772992783,75.33818355050217,136.7450831726733,97.30229612753921
2005-11-01,92.84480224748805,79.47187523362007,45.43330499766267,34.57062512665731,3.379860680013187,9.993066333854792,6.474236438081499,601.0992017971582,185.2539225674115,74.74378233503515,137.9918189485716,96.28077226879313
2005-12-01,93.32344704278817,79.54312435214875,46.59344881414861,33.89948427876935,3.542194263728518,10.23812842691091,6.514134754096842,607.9215097535426,180.91307874807987,74.98533300847484,137.72070473655685,98.4697827373958
2006-01-01,95.84851823801617,81.64343206156185,46.56060346364189,35.43078516236644,3.3318669721993355,10.873219204254983,6.517893573438248,624.7304410471443,179.42126844442888,74.69783020402477,135.3943739535162,97.12688426145738
2006-02-01,95.88689049655474,82.35768247980445,46.118254594741344,35.83620754658966,2.940823648804222,10.588384367946059,6.5004978083738,623.3125215246326,186.84821598601263,74.18974008279407,137.83657712513954,94.57920216949071
2006-03-01,93.86540763553612,79.92356520429837,45.2687235556475,34.44330711775262,3.155544948622143,10.786297482615616,6.749211044536559,633.5174459136866,184.9455264221673,73.52101355068264,136.53447043841385,99.08583170850164
2006-04-01,96.6657790796357,82.3269988104476,47.96593925674029,35.501081408356654,3.0506583908453684,11.288121878342722,6.398664149920039,618.5318551209555,188.35953598887096,75.18899846618591,142.11532515136625,98.92693134458402
2006-05-01,96.70429684399106,81.83091806434335,48.0884639952625,33.32013173276591,2.83522136245321,12.038157417194498,6.429991384038805,621.8077955063935,188.34074167431424,74.83079991097188,141.49824922447277,98.15983219586037
2006-06-01,101.85573274814531,87.200165441686,50.45561635859386,35.78395161638589,2.6659953947021036,11.989571911757212,6.407954952057041,652.6869470588763,189.20111900264692,75.83742238119541,142.72144647643665,103.31034115475606
2006-07-01,102.79717380007408,88.19745862527232,50.27022157881828,35.92736614634212,2.654766420141885,11.94494875465987,6.395831744437121,657.4734274289337,192.93224596854353,75.61877842310808,144.4413938058165,106.20750844647269
2006-08-01,100.68138501037609,86.59915999828827,50.278990071096246,34.82262133992534,2.635157131681903,11.447067880405912,6.351419989804118,639.4697613560674,193.53907628739023,74.48866508646265,144.0509106385907,105.60443038717385
2006-09-01,102.60211995778843,87.32100019600294,52.079910035647,37.52322386315923,2.576564407961485,12.704555353824004,6.421534492107225,658.8630522722615,190.6167809256534,74.94034196764062,143.31646066495833,105.17800794918527
2006-10-01,102.01545380506917,86.9463813321919,51.213250874645006,35.97035550781655,2.562797587352484,12.506274885524789,6.290735165436366,641.7522026694977,189.7080157961177,73.62903595854955,138.8907935741072,104.39536580077785
2006-11-01,104.69686159799055,89.05325621644162,52.36685250184627,38.37238499408759,2.6921480312370214,12.9514573503119,6.243181991707447,653.6415609168615,193.62680811231505,76.14535937872036,146.41590038133617,105.77653754697361
2006-12-01,110.51251404882079,94.13656056966136,55.637166713319985,38.30116956445196,2.535510703998845,13.840442775160595,6.065304069442982,670.2920011846875,195.17066539153987,74.11201458966403,146.16409856584565,108.30607738642605
2007-01-01,104.12004862879698,87.84193894021624,51.34357832590132,37.10593300773757,2.723022388877148,13.555087299703581,6.107351541823777,635.8977395278499,200.29915327460287,73.12299277277174,147.5621331279151,109.21468033833588
2007-02-01,105.32660247710321,88.79205310664882,52.091817110355,36.41325457008607,2.6785487498098948,13.856000620644494,6.168439999475488,649.7008277286175,202.667222011362,72.48616782059322,147.5086095458463,109.44697009968631
2007-03-01,110.06093742449814,93.1214553907332,54.42450871247969,39.50370310541606,2.953547715064776,13.985934318700162,6.136037732434983,675.3380649038861,202.9977296381803,74.96947433265196,152.5945043239319,112.24000313506392
2007-04-01,108.31987664876522,91.29897171071302,52.71554969670611,38.899546886630894,3.0115860337350058,14.009318904317205,6.36209731530764,689.1415964215639,203.48328165823193,74.59555085867535,152.06959065563652,112.96665409597466
2007-05-01,108.65166252178953,93.08598248257042,52.88034538036018,40.21672687449749,2.869675710504464,12.696004328714649,6.258036993513454,679.9461234680982,207.0289325158984,73.9325658368622,152.97823313834627,109.01878761047968
2007-06-01,110.53242088713087,93.65320951709296,52.65842721178562,40.71974888058455,2.9520451958704648,13.927166174167441,6.252730126700375,691.129398058089,209.76657153346443,76.5163957458527,159.95506667511282,115.43273289971867
2007-07-01,109.10440290990383,92.53935212480911,52.84357103497457,37.33066566259673,3.10400116149927,13.461049623595446,6.16073352212218,672.1631524181691,211.39877978329122,76.25598257805675,160.84896286452184,114.3914683985239
2007-08-01,114.63826331320863,97.57853445143235,55.515829216939245,40.077412012793225,3.1495594867242045,13.910169375052076,6.2199440603764184,713.0435849868599,210.2956632974469,77.47437305908545,162.7221057824231,119.47268906873313
2007-09-01,108.38386671189198,91.53106966816603,52.21290583500993,41.7920762746093,2.7991911871205395,14.053605856605408,6.26818873098369,679.3705319439196,208.3534513715319,77.84244190357927,161.6821730744624,109.80233993895949
2007-10-01,106.50825712236991,90.82150158887463,53.75402514731864,37.37607178369457,2.6066527105380186,13.080102822957269,6.346656306516174,675.9713017617352,208.70478023161462,77.55194159381759,160.687755447514,109.54175055028357
2007-11-01,106.61385666450272,89.79976811059531,54.091105404284626,36.480366679603705,2.8027487606235684,14.011339793283838,6.375223979752304,679.6872155814127,207.49908741889055,78.43266141219316,161.83772461281683,110.17542789904488
2007-12-01,106.7847576065183,89.6608199081481,53.86231092388499,35.415177261749804,2.750489064008833,14.373448634361361,6.552883828029468,699.7481111998004,208.87534726548523,76.61945208586043,161.583140751473,119.48522901380207
2008-01-01,99.84111345941042,84.37939811901327,50.355437360910344,34.32823055901062,2.5868782044241247,12.874837135973017,6.6030336147695206,659.2542283085046,209.66725305631022,77.50609089018266,163.6539521452824,104.64663362041905
2008-02-01,98.96890695535363,83.56643044292186,50.898933721403665,34.40387517579133,2.4794234047098698,12.923053107721916,6.790681853215524,672.0663604942956,210.5226359843832,76.99383640968611,161.78499052195292,106.35476937103809
2008-03-01,96.65949334147805,81.70006215176133,49.399920434145905,31.939379322312877,2.3166358090010033,12.642795380715723,6.721553071532652,649.7019143622017,213.43233507299735,75.43558965976911,158.96292490006385,103.85210513037902
2008-04-01,91.36605888942475,77.0853183777529,45.33524201516496,31.741786097794023,2.2093983497688208,12.071342161903026,6.972633314429716,637.0620260205503,203.07251515062774,73.63975985904683,152.59030525067018,100.91673018949979
2008-05-01,88.22791650321479,73.97567655473893,43.080042535731906,31.269962844829397,2.3980724305971566,11.854167517878704,6.976227069514512,615.4979793965931,208.0385422071121,73.21013498746404,152.69421598540595,99.57352440978998
2008-06-01,82.68950799579272,69.16924442567688,41.151089725686575,28.482778510753104,2.1896951609874127,11.330568409128434,7.146795272844773,590.9649848581914,211.47407235213328,68.79548972311197,145.9064045079106,96.63163665916841
2008-07-01,78.80166731007171,65.65308445514714,39.66980700369244,26.98925827860613,2.1262508211048945,11.022332033819682,7.111121301573579,560.3682150081653,205.49114979888355,68.54552216614995,142.29295208388075,90.92681216833168
2008-08-01,79.25998677884571,66.05418665141612,39.0449382356024,27.734111530731617,2.110255868947943,11.095544258481658,7.2604669982213945,575.4645182872733,206.5490831203834,68.82786274819269,143.7381955549608,91.89416218404823
2008-09-01,78.3224752423228,65.70345214200553,37.83341364135676,25.65149739910422,1.8414119626151422,10.777611137702129,7.287812018924761,570.7994764229371,203.21032364710325,63.75934146459619,129.27121884928243,88.33865923808553
2008-10-01,79.86100274141816,66.95470219407107,39.1798138976877,26.791679203524165,2.0130691731340886,10.893231374212997,7.351631720705593,587.1086810011661,201.6048685220874,67.51296565300213,135.10724925857323,89.87256680483527
2008-11-01,80.02434236125373,67.70745459836617,40.72735308559981,26.687865785579522,1.908145844508689,10.40874191837886,7.377415932719661,590.3728583413262,199.0221720711211,65.62915045365756,129.86116094594817,87.489863729718
2008-12-01,76.62552842141312,64.90621088712844,38.70138434301752,25.457420291963007,1.9877269536473265,9.731590580637357,7.354641515807286,563.553292498796,199.63504901685798,62.14425598514072,124.06642999606876,83.53362838228851
2009-01-01,77.99463397180654,66.30962617221817,40.51525285670856,25.974530295766105,1.904898096516055,9.78010970307231,7.367843631952397,574.6522672356328,198.56497240968815,59.39517292760172,119.08292177078673,85.53139612123105
2009-02-01,78.72896882352987,68.02678536529942,40.87121317652374,26.106362550308983,1.8927139004904248,8.809469557740027,7.251233106696043,570.8821051892204,191.07747445166507,59.88899806875204,115.8348072504903,86.77059453123161
2009-03-01,72.02225815766963,61.20800145246135,38.54764165429857,23.206943110242783,1.8568664803708623,8.957390224837416,7.301383003227771,525.8620915664917,187.97525728174924,57.474576083445825,109.28346117067005,81.75994885519307
2009-04-01,77.77365942624398,65.3428647518569,38.60649337435509,27.0216135766532,2.0375880056550257,10.393206668732057,7.507669420072378,583.8989245615358,186.51257719209963,59.91919138515016,111.09431238475933,86.73067958719858
2009-05-01,79.33980234100095,68.53359609982498,42.20221609788154,26.148387361806652,1.65887190732491,9.147334333851058,7.354710988298081,583.5213160867575,187.7140572303788,58.00859278360501,108.43458040183931,84.46962463143176
2009-06-01,78.2160379657538,66.83569355017866,41.87333844734414,25.53308523245613,1.2209424918939757,10.159401923681155,7.450997209508068,582.7874806216087,184.50829887341885,54.522915062713906,100.83537874273051,77.98915055710218
2009-07-01,78.73053962374102,66.99750010635661,42.176627385433875,25.733685883372928,1.6583949169568841,10.074644600427527,7.296931842665056,574.4913815706788,181.34723309363258,55.78824451946116,102.42190639038809,79.59112979399971
2009-08-01,78.58253831534564,66.57704095974475,41.28508873307624,25.947852929614395,1.6700438499696364,10.335453505631259,7.33629921204557,576.5050139234111,184.28653223369474,55.89019770635137,104.55629486887905,79.0711766967236
2009-09-01,79.92642476706304,68.46492213844985,40.69031872315167,26.593191496105916,1.837310770960958,9.624191857652233,7.284070114253118,582.1896819848641,191.61861428815013,55.68313129405114,105.19413436725748,85.13174623735601
2009-10-01,75.85267496490435,64.30895909168423,39.1692164444677,25.43230730254918,1.758637529227759,9.785078343992367,7.416383319128538,562.5525133209956,194.87087842995933,57.823571663970256,111.42483024313158,84.56478464619732
2009-11-01,74.76723529759455,62.93777406034579,37.96776956840633,24.225620890138003,1.7296450466053412,10.099816190643429,7.46084642738324,557.8268603553804,188.49274426781457,55.309955238908415,102.94103516605412,84.50768856299115
2009-12-01,76.17736804224126,64.16520025157949,38.8267785383525,25.052428370985698,1.666256574575257,10.34591121608651,7.300658080954348,556.1449175834222,187.76136024774843,56.59545326598911,105.54633724301343,82.99869395605882
2010-01-01,76.6848542097896,64.03986480310333,38.867190087775185,24.871202020377,1.6015398951115112,11.04344951157476,7.320502983903694,561.3717040629846,181.68895869556295,56.445236293749005,103.2783992510093,83.99208774489792
2010-02-01,76.18834729170962,62.92568236641762,37.770979935364956,24.19950297349929,1.6790775322148501,11.583587393077146,7.315814450612032,557.3798120849373,181.4587534201339,57.454472989028474,104.4257799056746,84.12521046766558
2010-03-01,76.10050906037966,62.77440155004861,38.11985297935768,25.135011562667344,1.764548704572333,11.561558805758715,7.38643625779197,562.1115593600147,182.20970199984953,57.612861546439454,105.4820326724194,85.3240957424642
2010-04-01,79.87919229368893,66.74996120278846,40.76130213955698,26.133102587466446,1.7590890446675258,11.37014204623295,7.2295548299087455,577.4910004560483,186.0153049172241,58.084251831908794,107.12640651553191,88.47724610576348
2010-05-01,78.96357839788789,65.2878807354203,40.31546786703148,25.284682372439008,1.8738414574424997,11.801856205025093,7.552391713281862,596.3638751432911,183.7207752530846,58.48664154017225,107.27635815834029,94.83415869024972
2010-06-01,80.50263641874065,67.34309278637804,40.51348308051022,26.80251151196886,1.842078125203743,11.31746550715887,7.292840029907958,587.092849387718,183.53734212205845,60.33749380423232,110.58403532531136,89.66381168711024
2010-07-01,82.46829165822062,68.04110554912661,40.73688605862561,28.51230491403051,1.8338422401888277,12.593343868905178,7.5956010556540985,626.3962431771706,184.85748960372706,62.55618421725862,115.01557326824093,98.64991933951563
2010-08-01,82.07747131462365,68.37025772022449,41.564945589405,25.96706077102447,1.763614936503966,11.94359865789519,7.497647188724004,615.3879220596631,186.2952639784105,59.21195818689567,111.19713309784356,102.57160847933238
2010-09-01,82.99099662833524,68.78819297316306,42.45635014839051,26.181746068598606,1.8305404341790552,12.372263220993126,7.400236596746429,614.1530104494659,188.65198843471524,60.10657855483907,111.85621527597786,97.57535575214368
2010-10-01,85.03811148820611,70.42552268539295,43.72161093999714,26.89293914342393,1.7694023499529106,12.843186452860245,7.3390818155243585,624.1016576496265,190.86646785744352,60.888419196746696,115.22849534201407,99.40088566480023
2010-11-01,82.45659290031587,67.77275714910671,41.19859083500227,26.695973751395716,1.7497713450144492,12.934064406194707,7.472171515047563,616.1298046976134,193.7569756578607,59.971776128485324,114.92839147983018,103.55624438186143
2010-12-01,81.37325753087354,66.85610774923356,39.67291106237041,26.999218870125333,1.8883193048087965,12.628830476831181,7.333138214911278,596.7213444714657,193.13097805992928,60.544125710244074,117.05117970780641,96.08220210678307
2011-01-01,82.75655432086566,68.06771677661153,41.87195478225216,26.630676638740933,2.058939421299776,12.629898122954359,7.537118084054859,623.7459221458648,194.27450132675014,60.72279168447258,118.62598978547818,101.01149739426121
2011-02-01,84.21495160042008,69.23117392471585,42.004322271337784,26.74666323559244,2.0236279323405846,12.960149743363646,7.459154948974247,628.1723730079001,198.7658008129498,61.6497732458041,122.04591612248063,100.93267396036212
2011-03-01,82.33179346181029,67.92702948832098,41.49632873043784,26.70475177358871,1.6642913291894954,12.74047264429982,7.549202058921,621.5393447165568,199.5613217630235,61.75585981839649,123.83240767500679,97.5162984445322
2011-04-01,83.18543725636592,68.89126411521697,42.653083621284985,25.72209861434809,1.6924098467255084,12.601763294423437,7.567198190976507,629.4806903219619,203.2009284627582,62.09979691020921,125.4763626874954,95.33021308010377
2011-05-01,82.69787917715885,68.27714049537337,41.85987139889423,25.605034339618328,1.69789856773418,12.722840114051293,7.466693004958453,617.4796759769913,203.2763543190565,61.503413084352154,125.19262842008249,95.17800049322973
2011-06-01,81.06119135209774,67.45795047778978,42.22707838919242,25.85578235316322,1.915305767315754,11.687935106992194,7.602832743728053,616.2946798573339,202.5061130165685,62.17841321055668,125.92637791133657,94.39522718167497
2011-07-01,82.2639332757892,68.63030418557877,42.750500049473764,26.74679084233663,2.0515212287446567,11.582107861465774,7.479455323036981,615.2894136335606,202.60260599956158,62.92731746368339,127.6517348058559,94.72371869778063
2011-08-01,82.7729082285281,68.81261202336923,42.711356901971044,25.88900419911496,2.118475582965593,11.841820622193282,7.503197637775704,621.0614894921172,201.61175914988698,64.34220353929804,130.50799044029577,95.13432096093047
2011-09-01,88.51536458327413,74.24902271983166,46.4535386889623,27.593232459724486,2.1308713155987693,12.135470547843706,7.486504306388925,662.6706581342676,205.07113187901535,67.56692147932166,137.03667705012708,101.574663565829
2011-10-01,86.6133074500788,71.78243820797373,44.50449862237553,27.58717637915203,2.044607703883251,12.786261538221838,7.5269390945879255,651.9330899575618,206.89361047655197,66.49341578440588,137.44073088733558,100.7623835643719
2011-11-01,86.83317980193735,71.9895695254138,44.03820320830938,27.499036515802853,2.053679777565272,12.789930498958263,7.551400367528325,655.7121058700028,213.83670334424963,67.20730897914689,142.56222287746954,95.63916381521504
2011-12-01,88.25304344106354,72.62863553789757,45.2782255582897,27.51564790412922,2.119367896825222,13.505040006340744,7.6358862041501325,673.8901968858794,206.68916944962788,68.45278480035292,142.50096133703607,102.60578491050735
2012-01-01,90.0511190862631,73.613979745701,44.9855847038448,28.099685008930834,2.1551789986563223,14.281960341905773,7.59490822532615,683.9299850480843,207.0234136659681,69.02633840183645,142.2795798424678,105.2775101243285
2012-02-01,86.54055048554886,70.88786679525981,44.42866460360024,27.978562096846225,2.178805911255422,13.473877779033634,7.73147089482773,669.0857473013908,207.03973742512935,67.22057447007296,138.060379109507,100.58846127334418
2012-03-01,89.11655730533626,72.86530194935139,45.8427541457669,27.625278976348255,2.148764890831624,14.102490465153238,7.606313920110004,677.8485103438601,208.32411273557594,68.53251846480896,142.81830297993045,105.54726686752468
2012-04-01,88.17578106222365,72.19443474047216,44.16955189939809,26.610628238405326,2.265114137367525,13.716232184383971,7.531190671446551,664.0686197833322,209.58862980332862,67.53369322119647,141.29743479490955,104.51756036635702
2012-05-01,89.25131032802057,74.25676683762617,45.5322287311856,28.19779331887925,2.2742736197100544,12.72026987068433,7.5657401822896295,675.2522248707066,211.22919430088058,68.8715113762159,145.79988689619077,103.14086497404014
2012-06-01,88.14876906853667,72.42603291371725,43.62246608470646,29.401281135809796,2.277302316269814,13.44543383854961,7.493336586646498,660.5283963291189,211.65841906502496,68.65042586012055,145.21215462529693,104.57051683104285
2012-07-01,87.74136261716453,71.89178505216407,44.440663156419056,27.54604641550785,2.346793157090389,13.502784407910077,7.525056621788497,660.2587217670397,212.139034306306,69.3513848104639,146.80489763232762,108.31854777294362
2012-08-01,91.9893389261026,75.7336567685857,46.33668403871996,29.104530003062397,2.400059777228424,13.855622380288475,7.3769142554278275,678.5974656713482,214.1660715972326,69.31899786742665,148.40231218943427,107.4827302385952
2012-09-01,91.75409807032018,75.76482149072217,47.53318458115585,28.12200778173562,2.363265968115856,13.626010611482153,7.477829162598856,686.1214703381956,212.91517479053547,68.03515386743699,144.30845671492062,110.60091270140926
2012-10-01,92.24181679862326,76.15223716349546,48.118468859310454,27.644577745951512,2.44053876037701,13.649040874750796,7.450314604481367,687.2305548386776,213.6008231029312,69.1744926723948,148.11643046620102,109.62236559869035
2012-11-01,95.31380724085159,78.73621121811611,49.487615916173084,29.770751749412398,2.585201001810485,13.992395020924995,7.512900474214942,716.0831476190255,215.44465865164483,70.41910234691804,151.79368697643196,112.87405032520458
2012-12-01,94.35646641363897,77.45467306268252,48.724365529469736,28.65439301725422,2.4718461487531185,14.429947202203333,7.540383502615629,711.483942710509,212.19073055544195,69.66580664110825,149.82647777238176,117.75682881134215
2013-01-01,92.58390798724741,76.36573461524915,48.01489362389804,28.858480363385496,2.541536408362212,13.67663696363606,7.514149270150272,695.689304630035,222.70798567629913,70.02902482522204,154.71780603416454,110.07166733143637
2013-02-01,93.34397089177006,76.74194837855596,48.91320145652781,27.873372845485715,2.596876973633225,14.00514553958086,7.481763685711493,698.3775316981558,226.2732439047638,69.40334752832271,155.2603913891114,114.1651302418179
2013-03-01,93.73325697692869,77.05173823761879,48.00438729195271,28.152420907093195,2.5874253886434873,14.094093350666405,7.465968597298442,699.8095531122547,226.51907584658463,69.16659643788434,154.69818152499118,115.85112482093993
2013-04-01,94.16686558650505,77.35489533842127,48.88731161299867,28.30356503207793,2.5573341054507304,14.254636142633041,7.589719727054831,714.7001173768181,224.51710149065522,70.05987042824854,159.86414386006706,116.27391129533866
2013-05-01,93.29220196228688,76.39001467685164,47.71113570496284,28.614398496968967,2.5160545217034063,14.386132763731837,7.527694447414294,702.2751906985599,226.33117035681573,68.88819767324895,156.21589401915335,111.41221069801553
2013-06-01,95.28689319873256,78.15036907548568,49.83148248035786,28.553458442151342,2.4783435860634104,14.65818053718345,7.56701042055707,721.0369137773179,229.81344394548788,69.10809415981679,158.84710353864583,118.68249875607667
2013-07-01,93.95751886338971,76.2991498278609,47.44146797565758,29.14044656660896,2.40981715163272,15.248551883896088,7.654514862843104,719.1992246156778,231.58785899001947,68.08781858511094,158.47462337960914,116.4210382952323
2013-08-01,92.96722732392116,75.32233810985109,46.60397173270556,29.854933300199118,2.4395630435359617,15.205326170534127,7.743543129220106,719.8957343867934,233.01308799533697,69.875484702505,162.99634092220677,119.07925954823122
2013-09-01,91.70355506195224,74.00223344324714,45.35978173951885,27.96499803780561,2.3061058296616603,15.395215789043451,7.733275377959823,709.1688444319782,231.31477190069543,68.72009196343681,158.80535662000017,116.143100331827
2013-10-01,90.5805115482337,73.17124085112928,45.47657472814602,27.424093754850034,2.46796265459169,14.941308042512729,7.744360594103075,701.4881442278396,229.90543960422798,68.78429224412197,157.9763684837774,116.09977100964272
2013-11-01,91.5703474303587,74.50579716261097,46.81303819530728,28.05368917908358,2.277900319602109,14.786649948145604,7.783366835949961,712.7256053458696,226.70379360389202,69.33965136342529,158.06929784954002,116.3002331660885
2013-12-01,91.16798896001258,74.16880992690788,45.77897393159751,27.894192244448917,2.2512453638824756,14.747933669222224,7.706004030978027,702.5408904220172,230.38302668522098,69.43753008865659,161.37449237873332,120.05811803997997
2014-01-01,92.16264132096724,73.74159835980664,46.64182337271309,27.679716573489305,2.069602904965132,16.351440056195457,7.800547401227256,718.9190522465107,230.92520248919683,70.06291607055061,160.7001238369013,121.71034739565833
2014-02-01,90.86532305431994,74.30782092830738,45.697047579389704,28.32839352849591,2.0614781311673487,14.496023994845217,7.738998533213259,703.2066018373309,231.78307247951463,70.07903450833346,160.60685678079864,122.16615205356406
2014-03-01,91.81694358318104,75.15280643182791,47.065822446047775,28.620820218992936,2.028093718551509,14.636043432801625,7.737681496014264,710.4502653841655,229.7705629720813,69.40461967627985,160.1531052519561,120.92983973581019
2014-04-01,90.53446251364845,73.65981017619214,44.18548066920879,28.383100363444306,1.9115668234394425,14.96308551401687,7.739144019084917,700.65924408357,227.9007576842386,69.44920651997819,157.83389271218613,120.73363566349961
2014-05-01,90.77999730037078,73.86956463709309,46.138295737347214,28.415168317375784,1.8945952329545783,15.01583743032311,7.820549130020199,709.9494289106507,229.14024627728963,69.92113461969085,160.26089197582792,122.61163670717298
2014-06-01,93.03361180053473,75.60866344851806,47.53691049957527,28.042470714241727,1.9762223203382383,15.448726031678436,7.712703875853234,717.5406983186093,230.6419075891254,69.86568881786648,160.82818857153381,123.00388557672802
2014-07-01,95.12283405644371,77.96521762391384,49.121103982822625,28.689657410715466,2.042618141975069,15.114998290554793,7.616064898419893,724.4616774955012,235.12014775130285,70.7729094143133,166.50477762555025,120.97856532371313
2014-08-01,92.51285272187201,75.72805371685536,47.010481243895164,28.722417772624556,2.0122333961961467,14.772565608820495,7.633267345276423,706.1753377002326,235.69929591812382,68.18950335327634,161.1915245829318,120.28624050403883
2014-09-01,93.72477162206633,76.31104981455329,47.87033601736595,28.402199887140448,1.9856658796765412,15.428055927836498,7.677624519375013,719.5836046783999,238.6772861931081,70.94826548265694,169.36483139397873,120.84876237659614
2014-10-01,94.39783261471806,77.32256143287991,48.45117841771669,29.18845643654894,1.9437562950953506,15.131514886742792,7.684542399485098,725.4041471472981,241.16822997155427,72.2115606983168,172.90288767935695,124.25077340485805
2014-11-01,92.00906194928551,74.84473209262273,47.28271566285012,27.50374581756749,1.959896368617857,15.204433488044916,7.781207690716869,715.9416204554252,240.1161474935675,70.12505998235078,170.36001631188,123.58732548590582
2014-12-01,96.64441048113508,78.71314661022048,48.521796291482524,29.72588631173911,1.9596832945210712,15.971580576393533,7.638042306549026,738.1740959463998,245.49714318089653,70.4701008563864,173.97290327709825,125.1421626008103
2015-01-01,98.32633206906942,73.68092146724098,47.730647708018104,26.827748851882813,2.4965439381893093,22.14886666363914,7.552628542482058,742.6222620624226,226.98427195494037,68.30672160440226,153.9970025087034,123.18937771670196
2015-02-01,95.25145797170836,77.5496864314097,49.158994922024974,28.405239552927462,1.857172035263796,15.844599505034871,7.740307205796968,737.2755465010813,243.99757642958826,72.49864311667746,174.91579265759657,132.25032361551433
2015-03-01,99.96735343412253,81.34395935835941,53.83359984367287,28.344948380012,1.9700178525769323,16.653376223186182,7.4367841267274475,743.435627209835,249.5891606498984,71.75069132730903,179.84456442072283,140.85274621793633
2015-04-01,94.37311315750742,77.06699484993588,47.02908844364974,28.730262157725676,1.4205929182128074,15.885525389358735,7.44361281979727,702.4769149434006,,,,120.95136210862664
2015-05-01,98.11887170253799,76.97399137681583,49.204462544382785,28.474665258391777,2.924617986139837,18.22026233958232,7.778798432647836,763.2469254128766,,,,
